,Estimator,Score Time (Mean),Number of features selected (K),Score Function,Fit Time (Mean),Dataset Name
0,GaussianNB,0.24501895904541016,1,f_classif_wrapper,0.02748870849609375,cll
1,GaussianNB,0.25158238410949707,1,RFE_wrapper,0.03396034240722656,cll
2,GaussianNB,0.29805850982666016,1,relieff_wrapper,0.028964757919311523,cll
3,GaussianNB,0.2510579824447632,1,relaxed_lasso_wrapper,0.025995612144470215,cll
4,GaussianNB,0.24857866764068604,2,f_classif_wrapper,0.029456257820129395,cll
5,GaussianNB,0.263533353805542,2,RFE_wrapper,0.02299034595489502,cll
6,GaussianNB,0.21680808067321777,2,relieff_wrapper,0.027149558067321777,cll
7,GaussianNB,0.22341704368591309,2,relaxed_lasso_wrapper,0.02293872833251953,cll
8,GaussianNB,0.2163858413696289,3,f_classif_wrapper,0.03108835220336914,cll
9,GaussianNB,0.25429975986480713,3,RFE_wrapper,0.03302812576293945,cll
10,GaussianNB,0.2733480930328369,3,relieff_wrapper,0.022960901260375977,cll
11,GaussianNB,0.2900499105453491,3,relaxed_lasso_wrapper,0.019294381141662598,cll
12,GaussianNB,0.22096526622772217,4,f_classif_wrapper,0.033721327781677246,cll
13,GaussianNB,0.22173523902893066,4,RFE_wrapper,0.019487977027893066,cll
14,GaussianNB,0.22652673721313477,4,relieff_wrapper,0.02473580837249756,cll
15,GaussianNB,0.26428449153900146,4,relaxed_lasso_wrapper,0.027753233909606934,cll
16,GaussianNB,0.3075164556503296,5,f_classif_wrapper,0.024006247520446777,cll
17,GaussianNB,0.30480098724365234,5,RFE_wrapper,0.022003769874572754,cll
18,GaussianNB,0.21351301670074463,5,relieff_wrapper,0.03499460220336914,cll
19,GaussianNB,0.22048711776733398,5,relaxed_lasso_wrapper,0.019521236419677734,cll
20,GaussianNB,0.2254948616027832,10,f_classif_wrapper,0.030014753341674805,cll
21,GaussianNB,0.2790106534957886,10,RFE_wrapper,0.024982929229736328,cll
22,GaussianNB,0.24003851413726807,10,relieff_wrapper,0.0204848051071167,cll
23,GaussianNB,0.25753653049468994,10,relaxed_lasso_wrapper,0.023477792739868164,cll
24,GaussianNB,0.22504937648773193,20,f_classif_wrapper,0.02048468589782715,cll
25,GaussianNB,0.2230525016784668,20,RFE_wrapper,0.021996736526489258,cll
26,GaussianNB,0.21855473518371582,20,relieff_wrapper,0.020984768867492676,cll
27,GaussianNB,0.22554802894592285,20,relaxed_lasso_wrapper,0.0189969539642334,cll
28,GaussianNB,0.28108298778533936,50,f_classif_wrapper,0.020510077476501465,cll
29,GaussianNB,0.25931060314178467,50,RFE_wrapper,0.02251255512237549,cll
30,GaussianNB,0.30207109451293945,50,relieff_wrapper,0.022997140884399414,cll
31,GaussianNB,0.29055333137512207,50,relaxed_lasso_wrapper,0.023015975952148438,cll
32,GaussianNB,0.2945520877838135,100,f_classif_wrapper,0.03600263595581055,cll
33,GaussianNB,0.28902530670166016,100,RFE_wrapper,0.04203140735626221,cll
34,GaussianNB,0.27445411682128906,100,relieff_wrapper,0.029312610626220703,cll
35,GaussianNB,0.23851239681243896,100,relaxed_lasso_wrapper,0.04945361614227295,cll
36,SVC,0.29175734519958496,1,f_classif_wrapper,0.04925429821014404,cll
37,SVC,0.2980639934539795,1,RFE_wrapper,0.03947794437408447,cll
38,SVC,0.3120572566986084,1,relieff_wrapper,0.026988625526428223,cll
39,SVC,0.25954198837280273,1,relaxed_lasso_wrapper,0.035992980003356934,cll
40,SVC,0.22950148582458496,2,f_classif_wrapper,0.04499328136444092,cll
41,SVC,0.2135014533996582,2,RFE_wrapper,0.024537205696105957,cll
42,SVC,0.3144418001174927,2,relieff_wrapper,0.01955556869506836,cll
43,SVC,0.28607428073883057,2,relaxed_lasso_wrapper,0.03995072841644287,cll
44,SVC,0.29708826541900635,3,f_classif_wrapper,0.017454147338867188,cll
45,SVC,0.2434314489364624,3,RFE_wrapper,0.060036420822143555,cll
46,SVC,0.24052846431732178,3,relieff_wrapper,0.04848289489746094,cll
47,SVC,0.2285698652267456,3,relaxed_lasso_wrapper,0.026429295539855957,cll
48,SVC,0.23396694660186768,4,f_classif_wrapper,0.026927709579467773,cll
49,SVC,0.2649306058883667,4,RFE_wrapper,0.026927828788757324,cll
50,SVC,0.2580990791320801,4,relieff_wrapper,0.05250287055969238,cll
51,SVC,0.28078746795654297,4,relaxed_lasso_wrapper,0.023016929626464844,cll
52,SVC,0.28931283950805664,5,f_classif_wrapper,0.04946756362915039,cll
53,SVC,0.2463594675064087,5,RFE_wrapper,0.016993165016174316,cll
54,SVC,0.24067449569702148,5,relieff_wrapper,0.0432201623916626,cll
55,SVC,0.24696481227874756,5,relaxed_lasso_wrapper,0.028484344482421875,cll
56,SVC,0.25948894023895264,10,f_classif_wrapper,0.036971092224121094,cll
57,SVC,0.2574484348297119,10,RFE_wrapper,0.05347251892089844,cll
58,SVC,0.2753390073776245,10,relieff_wrapper,0.031500935554504395,cll
59,SVC,0.2742195129394531,10,relaxed_lasso_wrapper,0.04351532459259033,cll
60,SVC,0.25656259059906006,20,f_classif_wrapper,0.04848599433898926,cll
61,SVC,0.24187493324279785,20,RFE_wrapper,0.025484442710876465,cll
62,SVC,0.2363675832748413,20,relieff_wrapper,0.021464943885803223,cll
63,SVC,0.27077555656433105,20,relaxed_lasso_wrapper,0.021941184997558594,cll
64,SVC,0.2667851448059082,50,f_classif_wrapper,0.02792656421661377,cll
65,SVC,0.28798341751098633,50,RFE_wrapper,0.03839731216430664,cll
66,SVC,0.22839653491973877,50,relieff_wrapper,0.058344125747680664,cll
67,SVC,0.22490596771240234,50,relaxed_lasso_wrapper,0.026927947998046875,cll
68,SVC,0.23238635063171387,100,f_classif_wrapper,0.028431415557861328,cll
69,SVC,0.2249060869216919,100,RFE_wrapper,0.02593076229095459,cll
70,SVC,0.3373596668243408,100,relieff_wrapper,0.028178811073303223,cll
71,SVC,0.2702854871749878,100,relaxed_lasso_wrapper,0.02767956256866455,cll
72,RandomForestClassifier,0.26929545402526855,1,f_classif_wrapper,0.2832505702972412,cll
73,RandomForestClassifier,0.2944735288619995,1,RFE_wrapper,0.27203500270843506,cll
74,RandomForestClassifier,0.304958701133728,1,relieff_wrapper,0.2284008264541626,cll
75,RandomForestClassifier,0.30846118927001953,1,relaxed_lasso_wrapper,0.2757704257965088,cll
76,RandomForestClassifier,0.2797842025756836,2,f_classif_wrapper,0.2635570764541626,cll
77,RandomForestClassifier,0.29149913787841797,2,RFE_wrapper,0.30245232582092285,cll
78,RandomForestClassifier,0.2992079257965088,2,relieff_wrapper,0.2618074417114258,cll
79,RandomForestClassifier,0.29247963428497314,2,relaxed_lasso_wrapper,0.2907308340072632,cll
80,RandomForestClassifier,0.2972208261489868,3,f_classif_wrapper,0.26180779933929443,cll
81,RandomForestClassifier,0.24285852909088135,3,RFE_wrapper,0.2543271780014038,cll
82,RandomForestClassifier,0.2406177520751953,3,relieff_wrapper,0.24136221408843994,cll
83,RandomForestClassifier,0.26180708408355713,3,relaxed_lasso_wrapper,0.2628052234649658,cll
84,RandomForestClassifier,0.2623152732849121,4,f_classif_wrapper,0.3186553716659546,cll
85,RandomForestClassifier,0.2608194351196289,4,RFE_wrapper,0.27576982975006104,cll
86,RandomForestClassifier,0.2628059387207031,4,relieff_wrapper,0.2705380916595459,cll
87,RandomForestClassifier,0.31367766857147217,4,relaxed_lasso_wrapper,0.25532519817352295,cll
88,RandomForestClassifier,0.3585573434829712,5,f_classif_wrapper,0.23338401317596436,cll
89,RandomForestClassifier,0.31417572498321533,5,RFE_wrapper,0.25632333755493164,cll
90,RandomForestClassifier,0.29221510887145996,5,relieff_wrapper,0.2633141279220581,cll
91,RandomForestClassifier,0.3046848773956299,5,relaxed_lasso_wrapper,0.2500927448272705,cll
92,RandomForestClassifier,0.2712743282318115,10,f_classif_wrapper,0.236375093460083,cll
93,RandomForestClassifier,0.2949650287628174,10,RFE_wrapper,0.27102887630462646,cll
94,RandomForestClassifier,0.27577054500579834,10,relieff_wrapper,0.29870104789733887,cll
95,RandomForestClassifier,0.25682151317596436,10,relaxed_lasso_wrapper,0.2882276773452759,cll
96,RandomForestClassifier,0.31964969635009766,20,f_classif_wrapper,0.23339426517486572,cll
97,RandomForestClassifier,0.3004579544067383,20,RFE_wrapper,0.27352964878082275,cll
98,RandomForestClassifier,0.2513350248336792,20,relieff_wrapper,0.2957245111465454,cll
99,RandomForestClassifier,0.2712821960449219,20,relaxed_lasso_wrapper,0.23513245582580566,cll
100,RandomForestClassifier,0.2745281457901001,50,f_classif_wrapper,0.22490572929382324,cll
101,RandomForestClassifier,0.3612957000732422,50,RFE_wrapper,0.2473543882369995,cll
102,RandomForestClassifier,0.27079081535339355,50,relieff_wrapper,0.2827519178390503,cll
103,RandomForestClassifier,0.2469027042388916,50,relaxed_lasso_wrapper,0.25707221031188965,cll
104,RandomForestClassifier,0.2563309669494629,100,f_classif_wrapper,0.23836565017700195,cll
105,RandomForestClassifier,0.2670489549636841,100,RFE_wrapper,0.26704704761505127,cll
106,RandomForestClassifier,0.3426014184951782,100,relieff_wrapper,0.24136173725128174,cll
107,RandomForestClassifier,0.2944347858428955,100,relaxed_lasso_wrapper,0.2603532075881958,cll
108,LogisticRegression,0.2817819118499756,1,f_classif_wrapper,0.05186104774475098,cll
109,LogisticRegression,0.256830096244812,1,RFE_wrapper,0.03839731216430664,cll
110,LogisticRegression,0.2715367078781128,1,relieff_wrapper,0.03964853286743164,cll
111,LogisticRegression,0.2493342161178589,1,relaxed_lasso_wrapper,0.028431415557861328,cll
112,LogisticRegression,0.2907295227050781,2,f_classif_wrapper,0.05285918712615967,cll
113,LogisticRegression,0.2373729944229126,2,RFE_wrapper,0.040392160415649414,cll
114,LogisticRegression,0.29672253131866455,2,relieff_wrapper,0.029919981956481934,cll
115,LogisticRegression,0.28823697566986084,2,relaxed_lasso_wrapper,0.08328557014465332,cll
116,LogisticRegression,0.2792612314224243,3,f_classif_wrapper,0.06308567523956299,cll
117,LogisticRegression,0.23662972450256348,3,RFE_wrapper,0.030418872833251953,cll
118,LogisticRegression,0.27004122734069824,3,relieff_wrapper,0.024189472198486328,cll
119,LogisticRegression,0.2538301944732666,3,relaxed_lasso_wrapper,0.025186896324157715,cll
120,LogisticRegression,0.3002138137817383,4,f_classif_wrapper,0.038895606994628906,cll
121,LogisticRegression,0.2413620948791504,4,RFE_wrapper,0.04438138008117676,cll
122,LogisticRegression,0.24485290050506592,4,relieff_wrapper,0.026927947998046875,cll
123,LogisticRegression,0.23662948608398438,4,relaxed_lasso_wrapper,0.03341054916381836,cll
124,LogisticRegression,0.2508361339569092,5,f_classif_wrapper,0.03590512275695801,cll
125,LogisticRegression,0.2787621021270752,5,RFE_wrapper,0.026927947998046875,cll
126,LogisticRegression,0.3271428346633911,5,relieff_wrapper,0.040146589279174805,cll
127,LogisticRegression,0.298464298248291,5,relaxed_lasso_wrapper,0.07056605815887451,cll
128,LogisticRegression,0.2598128318786621,10,f_classif_wrapper,0.055352091789245605,cll
129,LogisticRegression,0.24186086654663086,10,RFE_wrapper,0.07355773448944092,cll
130,LogisticRegression,0.22690105438232422,10,relieff_wrapper,0.042386651039123535,cll
131,LogisticRegression,0.23138916492462158,10,relaxed_lasso_wrapper,0.0359039306640625,cll
132,LogisticRegression,0.2840012311935425,20,f_classif_wrapper,0.038152217864990234,cll
133,LogisticRegression,0.24660158157348633,20,RFE_wrapper,0.03390920162200928,cll
134,LogisticRegression,0.26330316066741943,20,relieff_wrapper,0.03540515899658203,cll
135,LogisticRegression,0.24061810970306396,20,relaxed_lasso_wrapper,0.03640258312225342,cll
136,LogisticRegression,0.2628054618835449,50,f_classif_wrapper,0.037399888038635254,cll
137,LogisticRegression,0.26130950450897217,50,RFE_wrapper,0.028922319412231445,cll
138,LogisticRegression,0.22690236568450928,50,relieff_wrapper,0.03366422653198242,cll
139,LogisticRegression,0.24460840225219727,50,relaxed_lasso_wrapper,0.028423786163330078,cll
140,LogisticRegression,0.25482654571533203,100,f_classif_wrapper,0.03765368461608887,cll
141,LogisticRegression,0.25133609771728516,100,RFE_wrapper,0.06158936023712158,cll
142,LogisticRegression,0.2548266649246216,100,relieff_wrapper,0.03041863441467285,cll
143,LogisticRegression,0.24635684490203857,100,relaxed_lasso_wrapper,0.05086314678192139,cll
144,KNeighborsClassifier,0.3533165454864502,1,f_classif_wrapper,0.021442294120788574,cll
145,KNeighborsClassifier,0.38598310947418213,1,RFE_wrapper,0.025432109832763672,cll
146,KNeighborsClassifier,0.38523924350738525,1,relieff_wrapper,0.02842390537261963,cll
147,KNeighborsClassifier,0.45674169063568115,1,relaxed_lasso_wrapper,0.025238990783691406,cll
148,KNeighborsClassifier,0.3735160827636719,2,f_classif_wrapper,0.04687511920928955,cll
149,KNeighborsClassifier,0.3558177947998047,2,RFE_wrapper,0.07206070423126221,cll
150,KNeighborsClassifier,0.22765302658081055,2,relieff_wrapper,0.03889584541320801,cll
151,KNeighborsClassifier,0.23563122749328613,2,relaxed_lasso_wrapper,0.027426481246948242,cll
152,KNeighborsClassifier,0.22540438175201416,3,f_classif_wrapper,0.029919743537902832,cll
153,KNeighborsClassifier,0.2942202091217041,3,RFE_wrapper,0.024933457374572754,cll
154,KNeighborsClassifier,0.27901506423950195,3,relieff_wrapper,0.06457352638244629,cll
155,KNeighborsClassifier,0.23338329792022705,3,relaxed_lasso_wrapper,0.0304185152053833,cll
156,KNeighborsClassifier,0.22390854358673096,4,f_classif_wrapper,0.024434804916381836,cll
157,KNeighborsClassifier,0.22815120220184326,4,RFE_wrapper,0.02144300937652588,cll
158,KNeighborsClassifier,0.2495943307876587,4,relieff_wrapper,0.03839755058288574,cll
159,KNeighborsClassifier,0.2468475103378296,4,relaxed_lasso_wrapper,0.03964805603027344,cll
160,KNeighborsClassifier,0.25657570362091064,5,f_classif_wrapper,0.018949270248413086,cll
161,KNeighborsClassifier,0.25607430934906006,5,RFE_wrapper,0.029179096221923828,cll
162,KNeighborsClassifier,0.33461320400238037,5,relieff_wrapper,0.02593851089477539,cll
163,KNeighborsClassifier,0.27577078342437744,5,relaxed_lasso_wrapper,0.02243936061859131,cll
164,KNeighborsClassifier,0.256824254989624,10,f_classif_wrapper,0.032919883728027344,cll
165,KNeighborsClassifier,0.24734783172607422,10,RFE_wrapper,0.02891993522644043,cll
166,KNeighborsClassifier,0.2468475103378296,10,relieff_wrapper,0.023936033248901367,cll
167,KNeighborsClassifier,0.2715357542037964,10,relaxed_lasso_wrapper,0.037154316902160645,cll
168,KNeighborsClassifier,0.2987098693847656,20,f_classif_wrapper,0.019202709197998047,cll
169,KNeighborsClassifier,0.2757711410522461,20,RFE_wrapper,0.024434566497802734,cll
170,KNeighborsClassifier,0.2680385112762451,20,relieff_wrapper,0.028430938720703125,cll
171,KNeighborsClassifier,0.2358764410018921,20,relaxed_lasso_wrapper,0.056104421615600586,cll
172,KNeighborsClassifier,0.21243906021118164,50,f_classif_wrapper,0.03690147399902344,cll
173,KNeighborsClassifier,0.26604950428009033,50,RFE_wrapper,0.05959451198577881,cll
174,KNeighborsClassifier,0.275524377822876,50,relieff_wrapper,0.029175639152526855,cll
175,KNeighborsClassifier,0.3064422607421875,50,relaxed_lasso_wrapper,0.05859696865081787,cll
176,KNeighborsClassifier,0.2822606563568115,100,f_classif_wrapper,0.05086398124694824,cll
177,KNeighborsClassifier,0.22939515113830566,100,RFE_wrapper,0.047872304916381836,cll
178,KNeighborsClassifier,0.22989261150360107,100,relieff_wrapper,0.052359938621520996,cll
179,KNeighborsClassifier,0.2249060869216919,100,relaxed_lasso_wrapper,0.025431394577026367,cll
0,GaussianNB,0.2768099308013916,1,f_classif_wrapper,0.03248715400695801,bladderbatch
1,GaussianNB,0.28056132793426514,1,RFE_wrapper,0.034757256507873535,bladderbatch
2,GaussianNB,0.27405810356140137,1,relieff_wrapper,0.02974414825439453,bladderbatch
3,GaussianNB,0.28576910495758057,1,relaxed_lasso_wrapper,0.057972073554992676,bladderbatch
4,GaussianNB,0.29250776767730713,2,f_classif_wrapper,0.043731689453125,bladderbatch
5,GaussianNB,0.2818014621734619,2,RFE_wrapper,0.027740478515625,bladderbatch
6,GaussianNB,0.22949433326721191,2,relieff_wrapper,0.03146994113922119,bladderbatch
7,GaussianNB,0.24295341968536377,2,relaxed_lasso_wrapper,0.03175640106201172,bladderbatch
8,GaussianNB,0.22088825702667236,3,f_classif_wrapper,0.02276301383972168,bladderbatch
9,GaussianNB,0.27930009365081787,3,RFE_wrapper,0.023525476455688477,bladderbatch
10,GaussianNB,0.279793381690979,3,relieff_wrapper,0.02350795269012451,bladderbatch
11,GaussianNB,0.2948542833328247,3,relaxed_lasso_wrapper,0.031229615211486816,bladderbatch
12,GaussianNB,0.24685406684875488,4,f_classif_wrapper,0.022009611129760742,bladderbatch
13,GaussianNB,0.23337113857269287,4,RFE_wrapper,0.029485464096069336,bladderbatch
14,GaussianNB,0.2508699893951416,4,relieff_wrapper,0.026981353759765625,bladderbatch
15,GaussianNB,0.29984593391418457,4,relaxed_lasso_wrapper,0.028982996940612793,bladderbatch
16,GaussianNB,0.26013052463531494,5,f_classif_wrapper,0.03272998332977295,bladderbatch
17,GaussianNB,0.28184568881988525,5,RFE_wrapper,0.022496700286865234,bladderbatch
18,GaussianNB,0.2483447790145874,5,relieff_wrapper,0.026468396186828613,bladderbatch
19,GaussianNB,0.24334490299224854,5,relaxed_lasso_wrapper,0.023989439010620117,bladderbatch
20,GaussianNB,0.23484480381011963,10,f_classif_wrapper,0.02349269390106201,bladderbatch
21,GaussianNB,0.2328348159790039,10,RFE_wrapper,0.029987812042236328,bladderbatch
22,GaussianNB,0.2557995319366455,10,relieff_wrapper,0.02498483657836914,bladderbatch
23,GaussianNB,0.23931241035461426,10,relaxed_lasso_wrapper,0.023478031158447266,bladderbatch
24,GaussianNB,0.2686871290206909,20,f_classif_wrapper,0.04847896099090576,bladderbatch
25,GaussianNB,0.2375088930130005,20,RFE_wrapper,0.04898560047149658,bladderbatch
26,GaussianNB,0.2508513927459717,20,relieff_wrapper,0.032953739166259766,bladderbatch
27,GaussianNB,0.24186444282531738,20,relaxed_lasso_wrapper,0.025476813316345215,bladderbatch
28,GaussianNB,0.2503300905227661,50,f_classif_wrapper,0.03839743137359619,bladderbatch
29,GaussianNB,0.23836231231689453,50,RFE_wrapper,0.044879913330078125,bladderbatch
30,GaussianNB,0.2837486267089844,50,relieff_wrapper,0.026429414749145508,bladderbatch
31,GaussianNB,0.25108933448791504,50,relaxed_lasso_wrapper,0.03889608383178711,bladderbatch
32,GaussianNB,0.24011898040771484,100,f_classif_wrapper,0.025684833526611328,bladderbatch
33,GaussianNB,0.2448521852493286,100,RFE_wrapper,0.030173182487487793,bladderbatch
34,GaussianNB,0.26530492305755615,100,relieff_wrapper,0.025432109832763672,bladderbatch
35,GaussianNB,0.24709975719451904,100,relaxed_lasso_wrapper,0.02518641948699951,bladderbatch
36,SVC,0.31242620944976807,1,f_classif_wrapper,0.03515911102294922,bladderbatch
37,SVC,0.2523341178894043,1,RFE_wrapper,0.06158900260925293,bladderbatch
38,SVC,0.26380372047424316,1,relieff_wrapper,0.1256723403930664,bladderbatch
39,SVC,0.25384294986724854,1,relaxed_lasso_wrapper,0.03889572620391846,bladderbatch
40,SVC,0.23563337326049805,2,f_classif_wrapper,0.033165574073791504,bladderbatch
41,SVC,0.25732123851776123,2,RFE_wrapper,0.03665614128112793,bladderbatch
42,SVC,0.3251373767852783,2,relieff_wrapper,0.0426408052444458,bladderbatch
43,SVC,0.27128922939300537,2,relaxed_lasso_wrapper,0.08876252174377441,bladderbatch
44,SVC,0.2645529508590698,3,f_classif_wrapper,0.03640246391296387,bladderbatch
45,SVC,0.27777099609375,3,RFE_wrapper,0.027925610542297363,bladderbatch
46,SVC,0.2700446844100952,3,relieff_wrapper,0.03141593933105469,bladderbatch
47,SVC,0.28125500679016113,3,relaxed_lasso_wrapper,0.028423547744750977,bladderbatch
48,SVC,0.26405394077301025,4,f_classif_wrapper,0.031914472579956055,bladderbatch
49,SVC,0.24360871315002441,4,RFE_wrapper,0.055352091789245605,bladderbatch
50,SVC,0.2757761478424072,4,relieff_wrapper,0.052359819412231445,bladderbatch
51,SVC,0.24011850357055664,4,relaxed_lasso_wrapper,0.04886829853057861,bladderbatch
52,SVC,0.23388147354125977,5,f_classif_wrapper,0.031914591789245605,bladderbatch
53,SVC,0.24236667156219482,5,RFE_wrapper,0.03490650653839111,bladderbatch
54,SVC,0.28001201152801514,5,relieff_wrapper,0.029175758361816406,bladderbatch
55,SVC,0.28699302673339844,5,relaxed_lasso_wrapper,0.028922438621520996,bladderbatch
56,SVC,0.2792670726776123,10,f_classif_wrapper,0.031914710998535156,bladderbatch
57,SVC,0.25457966327667236,10,RFE_wrapper,0.049367666244506836,bladderbatch
58,SVC,0.25432682037353516,10,relieff_wrapper,0.0413891077041626,bladderbatch
59,SVC,0.24385309219360352,10,relaxed_lasso_wrapper,0.03665816783905029,bladderbatch
60,SVC,0.24335730075836182,20,f_classif_wrapper,0.028423428535461426,bladderbatch
61,SVC,0.29273319244384766,20,RFE_wrapper,0.032413601875305176,bladderbatch
62,SVC,0.3216557502746582,20,relieff_wrapper,0.03889596462249756,bladderbatch
63,SVC,0.2984638214111328,20,relaxed_lasso_wrapper,0.03540515899658203,bladderbatch
64,SVC,0.25994575023651123,50,f_classif_wrapper,0.07829022407531738,bladderbatch
65,SVC,0.2742743492126465,50,RFE_wrapper,0.030916929244995117,bladderbatch
66,SVC,0.27726662158966064,50,relieff_wrapper,0.03141605854034424,bladderbatch
67,SVC,0.3465728759765625,50,relaxed_lasso_wrapper,0.039391517639160156,bladderbatch
68,SVC,0.3061807155609131,100,f_classif_wrapper,0.042386651039123535,bladderbatch
69,SVC,0.2662872076034546,100,RFE_wrapper,0.037899136543273926,bladderbatch
70,SVC,0.2433568239212036,100,relieff_wrapper,0.04488039016723633,bladderbatch
71,SVC,0.2932237386703491,100,relaxed_lasso_wrapper,0.03091716766357422,bladderbatch
72,RandomForestClassifier,0.32638871669769287,1,f_classif_wrapper,0.26904428005218506,bladderbatch
73,RandomForestClassifier,0.2840029001235962,1,RFE_wrapper,0.3236515522003174,bladderbatch
74,RandomForestClassifier,0.30744051933288574,1,relieff_wrapper,0.32190048694610596,bladderbatch
75,RandomForestClassifier,0.2685445547103882,1,relaxed_lasso_wrapper,0.32688724994659424,bladderbatch
76,RandomForestClassifier,0.29796576499938965,2,f_classif_wrapper,0.29572510719299316,bladderbatch
77,RandomForestClassifier,0.3204052448272705,2,RFE_wrapper,0.28849101066589355,bladderbatch
78,RandomForestClassifier,0.27352678775787354,2,relieff_wrapper,0.33237898349761963,bladderbatch
79,RandomForestClassifier,0.2879946231842041,2,relaxed_lasso_wrapper,0.2864964008331299,bladderbatch
80,RandomForestClassifier,0.3059452772140503,3,f_classif_wrapper,0.2652994394302368,bladderbatch
81,RandomForestClassifier,0.2922360897064209,3,RFE_wrapper,0.270285964012146,bladderbatch
82,RandomForestClassifier,0.378503680229187,3,relieff_wrapper,0.25159168243408203,bladderbatch
83,RandomForestClassifier,0.34010636806488037,3,relaxed_lasso_wrapper,0.29771244525909424,bladderbatch
84,RandomForestClassifier,0.26479995250701904,4,f_classif_wrapper,0.26106369495391846,bladderbatch
85,RandomForestClassifier,0.2964686155319214,4,RFE_wrapper,0.27602481842041016,bladderbatch
86,RandomForestClassifier,0.32588958740234375,4,relieff_wrapper,0.2236642837524414,bladderbatch
87,RandomForestClassifier,0.3854799270629883,4,relaxed_lasso_wrapper,0.282257080078125,bladderbatch
88,RandomForestClassifier,0.36902856826782227,5,f_classif_wrapper,0.24760007858276367,bladderbatch
89,RandomForestClassifier,0.3630448579788208,5,RFE_wrapper,0.2740285396575928,bladderbatch
90,RandomForestClassifier,0.33636200428009033,5,relieff_wrapper,0.2979651689529419,bladderbatch
91,RandomForestClassifier,0.3430980443954468,5,relaxed_lasso_wrapper,0.25457489490509033,bladderbatch
92,RandomForestClassifier,0.3401075601577759,10,f_classif_wrapper,0.3176666498184204,bladderbatch
93,RandomForestClassifier,0.32539308071136475,10,RFE_wrapper,0.3238948583602905,bladderbatch
94,RandomForestClassifier,0.29646992683410645,10,relieff_wrapper,0.35755932331085205,bladderbatch
95,RandomForestClassifier,0.3657923936843872,10,relaxed_lasso_wrapper,0.3238959312438965,bladderbatch
96,RandomForestClassifier,0.3286398649215698,20,f_classif_wrapper,0.3737618923187256,bladderbatch
97,RandomForestClassifier,0.309434175491333,20,RFE_wrapper,0.36254608631134033,bladderbatch
98,RandomForestClassifier,0.30494630336761475,20,relieff_wrapper,0.3575599193572998,bladderbatch
99,RandomForestClassifier,0.34334349632263184,20,relaxed_lasso_wrapper,0.2942298650741577,bladderbatch
100,RandomForestClassifier,0.35057854652404785,50,f_classif_wrapper,0.30470144748687744,bladderbatch
101,RandomForestClassifier,0.3181651830673218,50,RFE_wrapper,0.3483304977416992,bladderbatch
102,RandomForestClassifier,0.31392431259155273,50,relieff_wrapper,0.370025634765625,bladderbatch
103,RandomForestClassifier,0.3226548433303833,50,relaxed_lasso_wrapper,0.3650398254394531,bladderbatch
104,RandomForestClassifier,0.3800009489059448,100,f_classif_wrapper,0.2845025062561035,bladderbatch
105,RandomForestClassifier,0.33337080478668213,100,RFE_wrapper,0.373518705368042,bladderbatch
106,RandomForestClassifier,0.33811235427856445,100,relieff_wrapper,0.3194096088409424,bladderbatch
107,RandomForestClassifier,0.3752591609954834,100,relaxed_lasso_wrapper,0.3642880916595459,bladderbatch
108,LogisticRegression,0.32788538932800293,1,f_classif_wrapper,0.04886949062347412,bladderbatch
109,LogisticRegression,0.2483532428741455,1,RFE_wrapper,0.0608372688293457,bladderbatch
110,LogisticRegression,0.28674304485321045,1,relieff_wrapper,0.04214143753051758,bladderbatch
111,LogisticRegression,0.3431006669998169,1,relaxed_lasso_wrapper,0.03590381145477295,bladderbatch
112,LogisticRegression,0.3151756525039673,2,f_classif_wrapper,0.03041839599609375,bladderbatch
113,LogisticRegression,0.23986601829528809,2,RFE_wrapper,0.05984842777252197,bladderbatch
114,LogisticRegression,0.23737287521362305,2,relieff_wrapper,0.0633389949798584,bladderbatch
115,LogisticRegression,0.2416151762008667,2,relaxed_lasso_wrapper,0.038895606994628906,bladderbatch
116,LogisticRegression,0.2568202018737793,3,f_classif_wrapper,0.029674530029296875,bladderbatch
117,LogisticRegression,0.27128398418426514,3,RFE_wrapper,0.032916903495788574,bladderbatch
118,LogisticRegression,0.27029144763946533,3,relieff_wrapper,0.029919743537902832,bladderbatch
119,LogisticRegression,0.27801811695098877,3,relaxed_lasso_wrapper,0.05111396312713623,bladderbatch
120,LogisticRegression,0.26804447174072266,4,f_classif_wrapper,0.053611040115356445,bladderbatch
121,LogisticRegression,0.27003979682922363,4,RFE_wrapper,0.03141582012176514,bladderbatch
122,LogisticRegression,0.27502739429473877,4,relieff_wrapper,0.03839743137359619,bladderbatch
123,LogisticRegression,0.27477407455444336,4,relaxed_lasso_wrapper,0.06308531761169434,bladderbatch
124,LogisticRegression,0.32663583755493164,5,f_classif_wrapper,0.06682920455932617,bladderbatch
125,LogisticRegression,0.2874934673309326,5,RFE_wrapper,0.18950223922729492,bladderbatch
126,LogisticRegression,0.33885514736175537,5,relieff_wrapper,0.0760502815246582,bladderbatch
127,LogisticRegression,0.2810100317001343,5,relaxed_lasso_wrapper,0.05410909652709961,bladderbatch
128,LogisticRegression,0.2917371988296509,10,f_classif_wrapper,0.05834400653839111,bladderbatch
129,LogisticRegression,0.2583177089691162,10,RFE_wrapper,0.09151005744934082,bladderbatch
130,LogisticRegression,0.23787057399749756,10,relieff_wrapper,0.07880020141601562,bladderbatch
131,LogisticRegression,0.2997061014175415,10,relaxed_lasso_wrapper,0.055351972579956055,bladderbatch
132,LogisticRegression,0.31790316104888916,20,f_classif_wrapper,0.03789877891540527,bladderbatch
133,LogisticRegression,0.2867330312728882,20,RFE_wrapper,0.03490650653839111,bladderbatch
134,LogisticRegression,0.2568131685256958,20,relieff_wrapper,0.04338371753692627,bladderbatch
135,LogisticRegression,0.2388688325881958,20,relaxed_lasso_wrapper,0.04039192199707031,bladderbatch
136,LogisticRegression,0.23936796188354492,50,f_classif_wrapper,0.034407973289489746,bladderbatch
137,LogisticRegression,0.27053844928741455,50,RFE_wrapper,0.045133113861083984,bladderbatch
138,LogisticRegression,0.2598135471343994,50,relieff_wrapper,0.06258666515350342,bladderbatch
139,LogisticRegression,0.33162832260131836,50,relaxed_lasso_wrapper,0.07081091403961182,bladderbatch
140,LogisticRegression,0.3358631134033203,100,f_classif_wrapper,0.06258642673492432,bladderbatch
141,LogisticRegression,0.30943381786346436,100,RFE_wrapper,0.06807148456573486,bladderbatch
142,LogisticRegression,0.2675459384918213,100,relieff_wrapper,0.05361032485961914,bladderbatch
143,LogisticRegression,0.2603108882904053,100,relaxed_lasso_wrapper,0.07854354381561279,bladderbatch
144,KNeighborsClassifier,0.2483428716659546,1,f_classif_wrapper,0.04488027095794678,bladderbatch
145,KNeighborsClassifier,0.25182604789733887,1,RFE_wrapper,0.03390955924987793,bladderbatch
146,KNeighborsClassifier,0.27975165843963623,1,relieff_wrapper,0.031914353370666504,bladderbatch
147,KNeighborsClassifier,0.3056821823120117,1,relaxed_lasso_wrapper,0.039893388748168945,bladderbatch
148,KNeighborsClassifier,0.2615545988082886,2,f_classif_wrapper,0.03341054916381836,bladderbatch
149,KNeighborsClassifier,0.2600669860839844,2,RFE_wrapper,0.03141593933105469,bladderbatch
150,KNeighborsClassifier,0.2590693235397339,2,relieff_wrapper,0.051117539405822754,bladderbatch
151,KNeighborsClassifier,0.23886895179748535,2,relaxed_lasso_wrapper,0.043637633323669434,bladderbatch
152,KNeighborsClassifier,0.23537802696228027,3,f_classif_wrapper,0.029919862747192383,bladderbatch
153,KNeighborsClassifier,0.24335670471191406,3,RFE_wrapper,0.028904199600219727,bladderbatch
154,KNeighborsClassifier,0.31292402744293213,3,relieff_wrapper,0.03640270233154297,bladderbatch
155,KNeighborsClassifier,0.2433563470840454,3,relaxed_lasso_wrapper,0.031415700912475586,bladderbatch
156,KNeighborsClassifier,0.2428574562072754,4,f_classif_wrapper,0.0787966251373291,bladderbatch
157,KNeighborsClassifier,0.2533299922943115,4,RFE_wrapper,0.04388260841369629,bladderbatch
158,KNeighborsClassifier,0.2575720548629761,4,relieff_wrapper,0.031668663024902344,bladderbatch
159,KNeighborsClassifier,0.24734580516815186,4,relaxed_lasso_wrapper,0.031668782234191895,bladderbatch
160,KNeighborsClassifier,0.26854264736175537,5,f_classif_wrapper,0.028423786163330078,bladderbatch
161,KNeighborsClassifier,0.2927253246307373,5,RFE_wrapper,0.03366351127624512,bladderbatch
162,KNeighborsClassifier,0.2610553503036499,5,relieff_wrapper,0.045632123947143555,bladderbatch
163,KNeighborsClassifier,0.2548179626464844,5,relaxed_lasso_wrapper,0.06183433532714844,bladderbatch
164,KNeighborsClassifier,0.2358689308166504,10,f_classif_wrapper,0.04886925220489502,bladderbatch
165,KNeighborsClassifier,0.24908828735351562,10,RFE_wrapper,0.03889572620391846,bladderbatch
166,KNeighborsClassifier,0.27152860164642334,10,relieff_wrapper,0.04089009761810303,bladderbatch
167,KNeighborsClassifier,0.2598145008087158,10,relaxed_lasso_wrapper,0.03939461708068848,bladderbatch
168,KNeighborsClassifier,0.39421701431274414,20,f_classif_wrapper,0.0426408052444458,bladderbatch
169,KNeighborsClassifier,0.35331761837005615,20,RFE_wrapper,0.04114425182342529,bladderbatch
170,KNeighborsClassifier,0.36952805519104004,20,relieff_wrapper,0.03565800189971924,bladderbatch
171,KNeighborsClassifier,0.37401628494262695,20,relaxed_lasso_wrapper,0.029420971870422363,bladderbatch
172,KNeighborsClassifier,0.3722747564315796,50,f_classif_wrapper,0.031914472579956055,bladderbatch
173,KNeighborsClassifier,0.36503851413726807,50,RFE_wrapper,0.024434924125671387,bladderbatch
174,KNeighborsClassifier,0.29148077964782715,50,relieff_wrapper,0.03041839599609375,bladderbatch
175,KNeighborsClassifier,0.29247796535491943,50,relaxed_lasso_wrapper,0.031914710998535156,bladderbatch
176,KNeighborsClassifier,0.2720327377319336,100,f_classif_wrapper,0.060837507247924805,bladderbatch
177,KNeighborsClassifier,0.242853045463562,100,RFE_wrapper,0.023940205574035645,bladderbatch
178,KNeighborsClassifier,0.2264014482498169,100,relieff_wrapper,0.04338395595550537,bladderbatch
179,KNeighborsClassifier,0.22192299365997314,100,relaxed_lasso_wrapper,0.04089069366455078,bladderbatch
0,GaussianNB,0.14493918418884277,1,f_classif_wrapper,0.03727984428405762,sorlie
1,GaussianNB,0.15395724773406982,1,RFE_wrapper,0.03899192810058594,sorlie
2,GaussianNB,0.1517578363418579,1,relieff_wrapper,0.03700423240661621,sorlie
3,GaussianNB,0.0,1,relaxed_lasso_wrapper,0.03576052188873291,sorlie
4,GaussianNB,0.12953829765319824,2,f_classif_wrapper,0.0320054292678833,sorlie
5,GaussianNB,0.143468976020813,2,RFE_wrapper,0.038547515869140625,sorlie
6,GaussianNB,0.1834423542022705,2,relieff_wrapper,0.032734036445617676,sorlie
7,GaussianNB,0.0,2,relaxed_lasso_wrapper,0.03351616859436035,sorlie
8,GaussianNB,0.1399857997894287,3,f_classif_wrapper,0.04106771945953369,sorlie
9,GaussianNB,0.14299476146697998,3,RFE_wrapper,0.023057937622070312,sorlie
10,GaussianNB,0.13094472885131836,3,relieff_wrapper,0.03357267379760742,sorlie
11,GaussianNB,0.0,3,relaxed_lasso_wrapper,0.03291773796081543,sorlie
12,GaussianNB,0.1239856481552124,4,f_classif_wrapper,0.02698361873626709,sorlie
13,GaussianNB,0.14549386501312256,4,RFE_wrapper,0.021243572235107422,sorlie
14,GaussianNB,0.13747012615203857,4,relieff_wrapper,0.02697312831878662,sorlie
15,GaussianNB,0.0,4,relaxed_lasso_wrapper,0.034751057624816895,sorlie
16,GaussianNB,0.13648569583892822,5,f_classif_wrapper,0.02699291706085205,sorlie
17,GaussianNB,0.12599313259124756,5,RFE_wrapper,0.02573227882385254,sorlie
18,GaussianNB,0.1419762372970581,5,relieff_wrapper,0.02450275421142578,sorlie
19,GaussianNB,0.0,5,relaxed_lasso_wrapper,0.03199052810668945,sorlie
20,GaussianNB,0.1604781150817871,10,f_classif_wrapper,0.027006030082702637,sorlie
21,GaussianNB,0.16995370388031006,10,RFE_wrapper,0.027997970581054688,sorlie
22,GaussianNB,0.17367947101593018,10,relieff_wrapper,0.032974839210510254,sorlie
23,GaussianNB,0.0,10,relaxed_lasso_wrapper,0.038488030433654785,sorlie
24,GaussianNB,0.15698254108428955,20,f_classif_wrapper,0.036470651626586914,sorlie
25,GaussianNB,0.13848066329956055,20,RFE_wrapper,0.04098093509674072,sorlie
26,GaussianNB,0.13348567485809326,20,relieff_wrapper,0.03748118877410889,sorlie
27,GaussianNB,0.0,20,relaxed_lasso_wrapper,0.04996180534362793,sorlie
28,GaussianNB,0.15247869491577148,50,f_classif_wrapper,0.0264894962310791,sorlie
29,GaussianNB,0.1469513177871704,50,RFE_wrapper,0.021758437156677246,sorlie
30,GaussianNB,0.14150643348693848,50,relieff_wrapper,0.025755763053894043,sorlie
31,GaussianNB,0.0,50,relaxed_lasso_wrapper,0.029501676559448242,sorlie
32,GaussianNB,0.13802266120910645,100,f_classif_wrapper,0.024000167846679688,sorlie
33,GaussianNB,0.1357361078262329,100,RFE_wrapper,0.032778024673461914,sorlie
34,GaussianNB,0.13952124118804932,100,relieff_wrapper,0.02399599552154541,sorlie
35,GaussianNB,0.0,100,relaxed_lasso_wrapper,0.02798604965209961,sorlie
36,SVC,0.16401934623718262,1,f_classif_wrapper,0.029493212699890137,sorlie
37,SVC,0.161504864692688,1,RFE_wrapper,0.030243396759033203,sorlie
38,SVC,0.1750180721282959,1,relieff_wrapper,0.07947814464569092,sorlie
39,SVC,0.0,1,relaxed_lasso_wrapper,0.024991393089294434,sorlie
40,SVC,0.1484823226928711,2,f_classif_wrapper,0.03751170635223389,sorlie
41,SVC,0.14323091506958008,2,RFE_wrapper,0.021306753158569336,sorlie
42,SVC,0.1504613161087036,2,relieff_wrapper,0.03453516960144043,sorlie
43,SVC,0.0,2,relaxed_lasso_wrapper,0.03475308418273926,sorlie
44,SVC,0.13571393489837646,3,f_classif_wrapper,0.04998219013214111,sorlie
45,SVC,0.1439749002456665,3,RFE_wrapper,0.05648541450500488,sorlie
46,SVC,0.13600194454193115,3,relieff_wrapper,0.034238576889038086,sorlie
47,SVC,0.0,3,relaxed_lasso_wrapper,0.031501054763793945,sorlie
48,SVC,0.13400352001190186,4,f_classif_wrapper,0.030248165130615234,sorlie
49,SVC,0.1380612850189209,4,RFE_wrapper,0.02699267864227295,sorlie
50,SVC,0.16554152965545654,4,relieff_wrapper,0.03851497173309326,sorlie
51,SVC,0.0,4,relaxed_lasso_wrapper,0.036489009857177734,sorlie
52,SVC,0.1694704294204712,5,f_classif_wrapper,0.04079127311706543,sorlie
53,SVC,0.1774691343307495,5,RFE_wrapper,0.0485306978225708,sorlie
54,SVC,0.13676166534423828,5,relieff_wrapper,0.061785221099853516,sorlie
55,SVC,0.0,5,relaxed_lasso_wrapper,0.053572893142700195,sorlie
56,SVC,0.1379711627960205,10,f_classif_wrapper,0.04307436943054199,sorlie
57,SVC,0.1294628381729126,10,RFE_wrapper,0.03224015235900879,sorlie
58,SVC,0.13994836807250977,10,relieff_wrapper,0.027003049850463867,sorlie
59,SVC,0.0,10,relaxed_lasso_wrapper,0.02900707721710205,sorlie
60,SVC,0.14645779132843018,20,f_classif_wrapper,0.038495421409606934,sorlie
61,SVC,0.1647050380706787,20,RFE_wrapper,0.03150653839111328,sorlie
62,SVC,0.1270076036453247,20,relieff_wrapper,0.03198564052581787,sorlie
63,SVC,0.0,20,relaxed_lasso_wrapper,0.02824985980987549,sorlie
64,SVC,0.13898026943206787,50,f_classif_wrapper,0.0320054292678833,sorlie
65,SVC,0.1452418565750122,50,RFE_wrapper,0.05726456642150879,sorlie
66,SVC,0.18896663188934326,50,relieff_wrapper,0.0269930362701416,sorlie
67,SVC,0.0,50,relaxed_lasso_wrapper,0.027008533477783203,sorlie
68,SVC,0.18498587608337402,100,f_classif_wrapper,0.03449749946594238,sorlie
69,SVC,0.19250023365020752,100,RFE_wrapper,0.038520216941833496,sorlie
70,SVC,0.14602434635162354,100,relieff_wrapper,0.027516603469848633,sorlie
71,SVC,0.0,100,relaxed_lasso_wrapper,0.021998286247253418,sorlie
72,RandomForestClassifier,0.22295868396759033,1,f_classif_wrapper,0.2960878610610962,sorlie
73,RandomForestClassifier,0.22595107555389404,1,RFE_wrapper,0.26704490184783936,sorlie
74,RandomForestClassifier,0.2726856470108032,1,relieff_wrapper,0.2815377712249756,sorlie
75,RandomForestClassifier,0.0,1,relaxed_lasso_wrapper,0.021512746810913086,sorlie
76,RandomForestClassifier,0.22971057891845703,2,f_classif_wrapper,0.30098235607147217,sorlie
77,RandomForestClassifier,0.209983229637146,2,RFE_wrapper,0.30019593238830566,sorlie
78,RandomForestClassifier,0.21550238132476807,2,relieff_wrapper,0.30741405487060547,sorlie
79,RandomForestClassifier,0.0,2,relaxed_lasso_wrapper,0.024512529373168945,sorlie
80,RandomForestClassifier,0.1894747018814087,3,f_classif_wrapper,0.29361915588378906,sorlie
81,RandomForestClassifier,0.15847253799438477,3,RFE_wrapper,0.2756354808807373,sorlie
82,RandomForestClassifier,0.21891343593597412,3,relieff_wrapper,0.277116060256958,sorlie
83,RandomForestClassifier,0.0,3,relaxed_lasso_wrapper,0.026527047157287598,sorlie
84,RandomForestClassifier,0.22746145725250244,4,f_classif_wrapper,0.27354443073272705,sorlie
85,RandomForestClassifier,0.20474004745483398,4,RFE_wrapper,0.2920045852661133,sorlie
86,RandomForestClassifier,0.1840149164199829,4,relieff_wrapper,0.3289071321487427,sorlie
87,RandomForestClassifier,0.0,4,relaxed_lasso_wrapper,0.03347933292388916,sorlie
88,RandomForestClassifier,0.2060096263885498,5,f_classif_wrapper,0.28799259662628174,sorlie
89,RandomForestClassifier,0.19547271728515625,5,RFE_wrapper,0.277474045753479,sorlie
90,RandomForestClassifier,0.2584720849990845,5,relieff_wrapper,0.293959379196167,sorlie
91,RandomForestClassifier,0.0,5,relaxed_lasso_wrapper,0.024768590927124023,sorlie
92,RandomForestClassifier,0.1889127492904663,10,f_classif_wrapper,0.2460092306137085,sorlie
93,RandomForestClassifier,0.20743978023529053,10,RFE_wrapper,0.2729933261871338,sorlie
94,RandomForestClassifier,0.19002413749694824,10,relieff_wrapper,0.39543282985687256,sorlie
95,RandomForestClassifier,0.0,10,relaxed_lasso_wrapper,0.043946027755737305,sorlie
96,RandomForestClassifier,0.23730218410491943,20,f_classif_wrapper,0.26025378704071045,sorlie
97,RandomForestClassifier,0.1955169439315796,20,RFE_wrapper,0.2889643907546997,sorlie
98,RandomForestClassifier,0.2299402952194214,20,relieff_wrapper,0.2930717468261719,sorlie
99,RandomForestClassifier,0.0,20,relaxed_lasso_wrapper,0.02349698543548584,sorlie
100,RandomForestClassifier,0.22491121292114258,50,f_classif_wrapper,0.2540971040725708,sorlie
101,RandomForestClassifier,0.23949551582336426,50,RFE_wrapper,0.3173062801361084,sorlie
102,RandomForestClassifier,0.18505465984344482,50,relieff_wrapper,0.35000133514404297,sorlie
103,RandomForestClassifier,0.0,50,relaxed_lasso_wrapper,0.02498340606689453,sorlie
104,RandomForestClassifier,0.15570688247680664,100,f_classif_wrapper,0.2830054759979248,sorlie
105,RandomForestClassifier,0.1614828109741211,100,RFE_wrapper,0.2650035619735718,sorlie
106,RandomForestClassifier,0.19795489311218262,100,relieff_wrapper,0.27248501777648926,sorlie
107,RandomForestClassifier,0.0,100,relaxed_lasso_wrapper,0.024978041648864746,sorlie
108,LogisticRegression,0.14096784591674805,1,f_classif_wrapper,0.02899491786956787,sorlie
109,LogisticRegression,0.12798762321472168,1,RFE_wrapper,0.031955718994140625,sorlie
110,LogisticRegression,0.14796292781829834,1,relieff_wrapper,0.032997965812683105,sorlie
111,LogisticRegression,0.0,1,relaxed_lasso_wrapper,0.02499377727508545,sorlie
112,LogisticRegression,0.17353355884552002,2,f_classif_wrapper,0.04746818542480469,sorlie
113,LogisticRegression,0.13701260089874268,2,RFE_wrapper,0.06701779365539551,sorlie
114,LogisticRegression,0.1470165252685547,2,relieff_wrapper,0.045014023780822754,sorlie
115,LogisticRegression,0.0,2,relaxed_lasso_wrapper,0.02801954746246338,sorlie
116,LogisticRegression,0.13146305084228516,3,f_classif_wrapper,0.0415036678314209,sorlie
117,LogisticRegression,0.1369485855102539,3,RFE_wrapper,0.0315091609954834,sorlie
118,LogisticRegression,0.17186927795410156,3,relieff_wrapper,0.029262900352478027,sorlie
119,LogisticRegression,0.0,3,relaxed_lasso_wrapper,0.03672528266906738,sorlie
120,LogisticRegression,0.12627315521240234,4,f_classif_wrapper,0.03490650653839111,sorlie
121,LogisticRegression,0.12836039066314697,4,RFE_wrapper,0.028922557830810547,sorlie
122,LogisticRegression,0.1359490156173706,4,relieff_wrapper,0.034407854080200195,sorlie
123,LogisticRegression,0.0,4,relaxed_lasso_wrapper,0.028434038162231445,sorlie
124,LogisticRegression,0.12699151039123535,5,f_classif_wrapper,0.030986547470092773,sorlie
125,LogisticRegression,0.14799833297729492,5,RFE_wrapper,0.03149616718292236,sorlie
126,LogisticRegression,0.14674675464630127,5,relieff_wrapper,0.03551638126373291,sorlie
127,LogisticRegression,0.0,5,relaxed_lasso_wrapper,0.024512767791748047,sorlie
128,LogisticRegression,0.13293874263763428,10,f_classif_wrapper,0.06946468353271484,sorlie
129,LogisticRegression,0.13245558738708496,10,RFE_wrapper,0.07620131969451904,sorlie
130,LogisticRegression,0.13342678546905518,10,relieff_wrapper,0.03798985481262207,sorlie
131,LogisticRegression,0.0,10,relaxed_lasso_wrapper,0.0284956693649292,sorlie
132,LogisticRegression,0.14099276065826416,20,f_classif_wrapper,0.04498279094696045,sorlie
133,LogisticRegression,0.14146888256072998,20,RFE_wrapper,0.032731056213378906,sorlie
134,LogisticRegression,0.1737353801727295,20,relieff_wrapper,0.0327221155166626,sorlie
135,LogisticRegression,0.0,20,relaxed_lasso_wrapper,0.029509544372558594,sorlie
136,LogisticRegression,0.1332794427871704,50,f_classif_wrapper,0.03674769401550293,sorlie
137,LogisticRegression,0.14603137969970703,50,RFE_wrapper,0.04302048683166504,sorlie
138,LogisticRegression,0.14824151992797852,50,relieff_wrapper,0.05705130100250244,sorlie
139,LogisticRegression,0.0,50,relaxed_lasso_wrapper,0.023989558219909668,sorlie
140,LogisticRegression,0.1779768466949463,100,f_classif_wrapper,0.047992706298828125,sorlie
141,LogisticRegression,0.1954137086868286,100,RFE_wrapper,0.06953740119934082,sorlie
142,LogisticRegression,0.14541316032409668,100,relieff_wrapper,0.054534196853637695,sorlie
143,LogisticRegression,0.0,100,relaxed_lasso_wrapper,0.02349555492401123,sorlie
144,KNeighborsClassifier,0.14851820468902588,1,f_classif_wrapper,0.04099392890930176,sorlie
145,KNeighborsClassifier,0.15301930904388428,1,RFE_wrapper,0.03598737716674805,sorlie
146,KNeighborsClassifier,0.13798940181732178,1,relieff_wrapper,0.037505388259887695,sorlie
147,KNeighborsClassifier,0.0,1,relaxed_lasso_wrapper,0.03651261329650879,sorlie
148,KNeighborsClassifier,0.14697480201721191,2,f_classif_wrapper,0.0437772274017334,sorlie
149,KNeighborsClassifier,0.14324498176574707,2,RFE_wrapper,0.03151500225067139,sorlie
150,KNeighborsClassifier,0.14698851108551025,2,relieff_wrapper,0.03050100803375244,sorlie
151,KNeighborsClassifier,0.0,2,relaxed_lasso_wrapper,0.028481602668762207,sorlie
152,KNeighborsClassifier,0.1555567979812622,3,f_classif_wrapper,0.02301013469696045,sorlie
153,KNeighborsClassifier,0.13953208923339844,3,RFE_wrapper,0.02250981330871582,sorlie
154,KNeighborsClassifier,0.1375408172607422,3,relieff_wrapper,0.02500021457672119,sorlie
155,KNeighborsClassifier,0.0,3,relaxed_lasso_wrapper,0.02800273895263672,sorlie
156,KNeighborsClassifier,0.1560206413269043,4,f_classif_wrapper,0.027008652687072754,sorlie
157,KNeighborsClassifier,0.15475714206695557,4,RFE_wrapper,0.03175795078277588,sorlie
158,KNeighborsClassifier,0.20404505729675293,4,relieff_wrapper,0.03699052333831787,sorlie
159,KNeighborsClassifier,0.0,4,relaxed_lasso_wrapper,0.04427540302276611,sorlie
160,KNeighborsClassifier,0.16601693630218506,5,f_classif_wrapper,0.025977611541748047,sorlie
161,KNeighborsClassifier,0.14397776126861572,5,RFE_wrapper,0.05552077293395996,sorlie
162,KNeighborsClassifier,0.1419661045074463,5,relieff_wrapper,0.04401063919067383,sorlie
163,KNeighborsClassifier,0.0,5,relaxed_lasso_wrapper,0.04497504234313965,sorlie
164,KNeighborsClassifier,0.1514679193496704,10,f_classif_wrapper,0.03548896312713623,sorlie
165,KNeighborsClassifier,0.15672433376312256,10,RFE_wrapper,0.027001380920410156,sorlie
166,KNeighborsClassifier,0.15350055694580078,10,relieff_wrapper,0.03047633171081543,sorlie
167,KNeighborsClassifier,0.0,10,relaxed_lasso_wrapper,0.03700757026672363,sorlie
168,KNeighborsClassifier,0.31972169876098633,20,f_classif_wrapper,0.030270099639892578,sorlie
169,KNeighborsClassifier,0.3624979257583618,20,RFE_wrapper,0.02799975872039795,sorlie
170,KNeighborsClassifier,0.39102065563201904,20,relieff_wrapper,0.03699362277984619,sorlie
171,KNeighborsClassifier,0.0,20,relaxed_lasso_wrapper,0.030524611473083496,sorlie
172,KNeighborsClassifier,0.42599594593048096,50,f_classif_wrapper,0.02800881862640381,sorlie
173,KNeighborsClassifier,0.39899563789367676,50,RFE_wrapper,0.025994062423706055,sorlie
174,KNeighborsClassifier,0.3987393379211426,50,relieff_wrapper,0.020986437797546387,sorlie
175,KNeighborsClassifier,0.0,50,relaxed_lasso_wrapper,0.026485443115234375,sorlie
176,KNeighborsClassifier,0.1710447072982788,100,f_classif_wrapper,0.025977253913879395,sorlie
177,KNeighborsClassifier,0.14997649192810059,100,RFE_wrapper,0.03903794288635254,sorlie
178,KNeighborsClassifier,0.13146495819091797,100,relieff_wrapper,0.036481499671936035,sorlie
179,KNeighborsClassifier,0.0,100,relaxed_lasso_wrapper,0.02649521827697754,sorlie
0,GaussianNB,0.25308382511138916,1,f_classif_wrapper,0.029415488243103027,subramanian
1,GaussianNB,0.22839570045471191,1,RFE_wrapper,0.03490602970123291,subramanian
2,GaussianNB,0.22490501403808594,1,relieff_wrapper,0.03041839599609375,subramanian
3,GaussianNB,0.24584877490997314,1,relaxed_lasso_wrapper,0.032169461250305176,subramanian
4,GaussianNB,0.23637521266937256,2,f_classif_wrapper,0.026429295539855957,subramanian
5,GaussianNB,0.22889578342437744,2,RFE_wrapper,0.03141605854034424,subramanian
6,GaussianNB,0.2600668668746948,2,relieff_wrapper,0.03540515899658203,subramanian
7,GaussianNB,0.2752723693847656,2,relaxed_lasso_wrapper,0.020943522453308105,subramanian
8,GaussianNB,0.26230621337890625,3,f_classif_wrapper,0.01845073699951172,subramanian
9,GaussianNB,0.26779282093048096,3,RFE_wrapper,0.027933239936828613,subramanian
10,GaussianNB,0.27951502799987793,3,relieff_wrapper,0.01970088481903076,subramanian
11,GaussianNB,0.2418609857559204,3,relaxed_lasso_wrapper,0.03416264057159424,subramanian
12,GaussianNB,0.29197990894317627,4,f_classif_wrapper,0.031914472579956055,subramanian
13,GaussianNB,0.32090234756469727,4,RFE_wrapper,0.021442532539367676,subramanian
14,GaussianNB,0.2874915599822998,4,relieff_wrapper,0.02293872833251953,subramanian
15,GaussianNB,0.2907363176345825,4,relaxed_lasso_wrapper,0.03690147399902344,subramanian
16,GaussianNB,0.2550787925720215,5,f_classif_wrapper,0.06358373165130615,subramanian
17,GaussianNB,0.26180756092071533,5,RFE_wrapper,0.03266620635986328,subramanian
18,GaussianNB,0.2348790168762207,5,relieff_wrapper,0.025685787200927734,subramanian
19,GaussianNB,0.2358759641647339,5,relaxed_lasso_wrapper,0.023935556411743164,subramanian
20,GaussianNB,0.28799378871917725,10,f_classif_wrapper,0.023935556411743164,subramanian
21,GaussianNB,0.327140212059021,10,RFE_wrapper,0.024933338165283203,subramanian
22,GaussianNB,0.28350329399108887,10,relieff_wrapper,0.03390514850616455,subramanian
23,GaussianNB,0.2924792766571045,10,relaxed_lasso_wrapper,0.0359041690826416,subramanian
24,GaussianNB,0.26480650901794434,20,f_classif_wrapper,0.024933338165283203,subramanian
25,GaussianNB,0.2458493709564209,20,RFE_wrapper,0.044634461402893066,subramanian
26,GaussianNB,0.2909824848175049,20,relieff_wrapper,0.025931119918823242,subramanian
27,GaussianNB,0.2982172966003418,20,relaxed_lasso_wrapper,0.02592623233795166,subramanian
28,GaussianNB,0.3019533157348633,50,f_classif_wrapper,0.03191518783569336,subramanian
29,GaussianNB,0.23138880729675293,50,RFE_wrapper,0.04089081287384033,subramanian
30,GaussianNB,0.2485964298248291,50,relieff_wrapper,0.02243959903717041,subramanian
31,GaussianNB,0.23214221000671387,50,relaxed_lasso_wrapper,0.019946575164794922,subramanian
32,GaussianNB,0.22789812088012695,100,f_classif_wrapper,0.029920101165771484,subramanian
33,GaussianNB,0.2588247060775757,100,RFE_wrapper,0.018949270248413086,subramanian
34,GaussianNB,0.25258660316467285,100,relieff_wrapper,0.02593088150024414,subramanian
35,GaussianNB,0.2962146997451782,100,relaxed_lasso_wrapper,0.02119767665863037,subramanian
36,SVC,0.3024517297744751,1,f_classif_wrapper,0.028423786163330078,subramanian
37,SVC,0.2827582359313965,1,RFE_wrapper,0.05734670162200928,subramanian
38,SVC,0.23837780952453613,1,relieff_wrapper,0.03291189670562744,subramanian
39,SVC,0.24585020542144775,1,relaxed_lasso_wrapper,0.03341817855834961,subramanian
40,SVC,0.26355671882629395,2,f_classif_wrapper,0.02543187141418457,subramanian
41,SVC,0.25183045864105225,2,RFE_wrapper,0.03566133975982666,subramanian
42,SVC,0.24186038970947266,2,relieff_wrapper,0.03241324424743652,subramanian
43,SVC,0.26779818534851074,2,relaxed_lasso_wrapper,0.04039192199707031,subramanian
44,SVC,0.34060347080230713,3,f_classif_wrapper,0.024933576583862305,subramanian
45,SVC,0.2645542621612549,3,RFE_wrapper,0.059095144271850586,subramanian
46,SVC,0.28101015090942383,3,relieff_wrapper,0.034407854080200195,subramanian
47,SVC,0.2560768127441406,3,relaxed_lasso_wrapper,0.04338371753692627,subramanian
48,SVC,0.24734580516815186,4,f_classif_wrapper,0.022194504737854004,subramanian
49,SVC,0.2637983560562134,4,RFE_wrapper,0.027184486389160156,subramanian
50,SVC,0.330136775970459,4,relieff_wrapper,0.028423786163330078,subramanian
51,SVC,0.2742730379104614,4,relaxed_lasso_wrapper,0.02618396282196045,subramanian
52,SVC,0.2505815029144287,5,f_classif_wrapper,0.036910057067871094,subramanian
53,SVC,0.2560766935348511,5,RFE_wrapper,0.03540492057800293,subramanian
54,SVC,0.24510574340820312,5,relieff_wrapper,0.023936033248901367,subramanian
55,SVC,0.24086284637451172,5,relaxed_lasso_wrapper,0.03291189670562744,subramanian
56,SVC,0.24685406684875488,10,f_classif_wrapper,0.023936033248901367,subramanian
57,SVC,0.2618069648742676,10,RFE_wrapper,0.029175519943237305,subramanian
58,SVC,0.3318735361099243,10,relieff_wrapper,0.02243983745574951,subramanian
59,SVC,0.27253270149230957,10,relaxed_lasso_wrapper,0.03291165828704834,subramanian
60,SVC,0.2613084316253662,20,f_classif_wrapper,0.04313850402832031,subramanian
61,SVC,0.23338007926940918,20,RFE_wrapper,0.026431918144226074,subramanian
62,SVC,0.25009238719940186,20,relieff_wrapper,0.03490638732910156,subramanian
63,SVC,0.2590678930282593,20,relaxed_lasso_wrapper,0.026429295539855957,subramanian
64,SVC,0.25408077239990234,50,f_classif_wrapper,0.022434592247009277,subramanian
65,SVC,0.3016998767852783,50,RFE_wrapper,0.0346606969833374,subramanian
66,SVC,0.2745264768600464,50,relieff_wrapper,0.05634939670562744,subramanian
67,SVC,0.24983906745910645,50,relaxed_lasso_wrapper,0.05186140537261963,subramanian
68,SVC,0.2603187561035156,100,f_classif_wrapper,0.04388248920440674,subramanian
69,SVC,0.2795135974884033,100,RFE_wrapper,0.04238617420196533,subramanian
70,SVC,0.26505160331726074,100,relieff_wrapper,0.04238700866699219,subramanian
71,SVC,0.25009167194366455,100,relaxed_lasso_wrapper,0.04388260841369629,subramanian
72,RandomForestClassifier,0.2705388069152832,1,f_classif_wrapper,0.3079385757446289,subramanian
73,RandomForestClassifier,0.26679348945617676,1,RFE_wrapper,0.331132173538208,subramanian
74,RandomForestClassifier,0.26629507541656494,1,relieff_wrapper,0.2972224950790405,subramanian
75,RandomForestClassifier,0.31666886806488037,1,relaxed_lasso_wrapper,0.2643015384674072,subramanian
76,RandomForestClassifier,0.3580585718154907,2,f_classif_wrapper,0.21568429470062256,subramanian
77,RandomForestClassifier,0.2992163896560669,2,RFE_wrapper,0.2792602777481079,subramanian
78,RandomForestClassifier,0.2737758159637451,2,relieff_wrapper,0.281510591506958,subramanian
79,RandomForestClassifier,0.29672324657440186,2,relaxed_lasso_wrapper,0.257321834564209,subramanian
80,RandomForestClassifier,0.26929736137390137,3,f_classif_wrapper,0.255326509475708,subramanian
81,RandomForestClassifier,0.3899739980697632,3,RFE_wrapper,0.26854467391967773,subramanian
82,RandomForestClassifier,0.3837442398071289,3,relieff_wrapper,0.2318880558013916,subramanian
83,RandomForestClassifier,0.41440725326538086,3,relaxed_lasso_wrapper,0.24087309837341309,subramanian
84,RandomForestClassifier,0.32190072536468506,4,f_classif_wrapper,0.25807225704193115,subramanian
85,RandomForestClassifier,0.33262670040130615,4,RFE_wrapper,0.2593141794204712,subramanian
86,RandomForestClassifier,0.3268890380859375,4,relieff_wrapper,0.31218087673187256,subramanian
87,RandomForestClassifier,0.34184932708740234,4,relaxed_lasso_wrapper,0.3064420223236084,subramanian
88,RandomForestClassifier,0.3144221305847168,5,f_classif_wrapper,0.2897413969039917,subramanian
89,RandomForestClassifier,0.3475881814956665,5,RFE_wrapper,0.3054463863372803,subramanian
90,RandomForestClassifier,0.3189098834991455,5,relieff_wrapper,0.23238730430603027,subramanian
91,RandomForestClassifier,0.2927333116531372,5,relaxed_lasso_wrapper,0.33087778091430664,subramanian
92,RandomForestClassifier,0.2989621162414551,10,f_classif_wrapper,0.32439541816711426,subramanian
93,RandomForestClassifier,0.2825061082839966,10,RFE_wrapper,0.25233376026153564,subramanian
94,RandomForestClassifier,0.3513317108154297,10,relieff_wrapper,0.2508370876312256,subramanian
95,RandomForestClassifier,0.3814988136291504,10,relaxed_lasso_wrapper,0.32115650177001953,subramanian
96,RandomForestClassifier,0.2772667407989502,20,f_classif_wrapper,0.44807302951812744,subramanian
97,RandomForestClassifier,0.30494630336761475,20,RFE_wrapper,0.322401762008667,subramanian
98,RandomForestClassifier,0.2717803716659546,20,relieff_wrapper,0.3017110824584961,subramanian
99,RandomForestClassifier,0.36204731464385986,20,relaxed_lasso_wrapper,0.28599822521209717,subramanian
100,RandomForestClassifier,0.37999188899993896,50,f_classif_wrapper,0.26305854320526123,subramanian
101,RandomForestClassifier,0.31765031814575195,50,RFE_wrapper,0.38872241973876953,subramanian
102,RandomForestClassifier,0.36029887199401855,50,relieff_wrapper,0.3321117162704468,subramanian
103,RandomForestClassifier,0.3834899663925171,50,relaxed_lasso_wrapper,0.28773927688598633,subramanian
104,RandomForestClassifier,0.35307157039642334,100,f_classif_wrapper,0.2932239770889282,subramanian
105,RandomForestClassifier,0.38149547576904297,100,RFE_wrapper,0.3084360361099243,subramanian
106,RandomForestClassifier,0.31292498111724854,100,relieff_wrapper,0.37900280952453613,subramanian
107,RandomForestClassifier,0.33237361907958984,100,relaxed_lasso_wrapper,0.3106846809387207,subramanian
108,LogisticRegression,0.3406064510345459,1,f_classif_wrapper,0.04338407516479492,subramanian
109,LogisticRegression,0.2869948148727417,1,RFE_wrapper,0.03640258312225342,subramanian
110,LogisticRegression,0.24734580516815186,1,relieff_wrapper,0.03091740608215332,subramanian
111,LogisticRegression,0.23688137531280518,1,relaxed_lasso_wrapper,0.04438126087188721,subramanian
112,LogisticRegression,0.2625594139099121,2,f_classif_wrapper,0.042386412620544434,subramanian
113,LogisticRegression,0.2752953767776489,2,RFE_wrapper,0.023935317993164062,subramanian
114,LogisticRegression,0.2949730157852173,2,relieff_wrapper,0.032413363456726074,subramanian
115,LogisticRegression,0.30743956565856934,2,relaxed_lasso_wrapper,0.031171083450317383,subramanian
116,LogisticRegression,0.2817542552947998,3,f_classif_wrapper,0.032168030738830566,subramanian
117,LogisticRegression,0.2894864082336426,3,RFE_wrapper,0.08153581619262695,subramanian
118,LogisticRegression,0.2638092041015625,3,relieff_wrapper,0.026922106742858887,subramanian
119,LogisticRegression,0.2573198080062866,3,relaxed_lasso_wrapper,0.030418753623962402,subramanian
120,LogisticRegression,0.30420219898223877,4,f_classif_wrapper,0.036901116371154785,subramanian
121,LogisticRegression,0.3276393413543701,4,RFE_wrapper,0.02593088150024414,subramanian
122,LogisticRegression,0.3271411657333374,4,relieff_wrapper,0.03789865970611572,subramanian
123,LogisticRegression,0.29522645473480225,4,relaxed_lasso_wrapper,0.0675731897354126,subramanian
124,LogisticRegression,0.2914828062057495,5,f_classif_wrapper,0.035402774810791016,subramanian
125,LogisticRegression,0.27153635025024414,5,RFE_wrapper,0.03141617774963379,subramanian
126,LogisticRegression,0.30893611907958984,5,relieff_wrapper,0.03914952278137207,subramanian
127,LogisticRegression,0.319661021232605,5,relaxed_lasso_wrapper,0.047373414039611816,subramanian
128,LogisticRegression,0.3069411516189575,10,f_classif_wrapper,0.04164254665374756,subramanian
129,LogisticRegression,0.29397594928741455,10,RFE_wrapper,0.059839606285095215,subramanian
130,LogisticRegression,0.2902411222457886,10,relieff_wrapper,0.047373056411743164,subramanian
131,LogisticRegression,0.3336247205734253,10,relaxed_lasso_wrapper,0.04886937141418457,subramanian
132,LogisticRegression,0.3580585718154907,20,f_classif_wrapper,0.042640089988708496,subramanian
133,LogisticRegression,0.3054448366165161,20,RFE_wrapper,0.03216850757598877,subramanian
134,LogisticRegression,0.32862818241119385,20,relieff_wrapper,0.039394497871398926,subramanian
135,LogisticRegression,0.26081085205078125,20,relaxed_lasso_wrapper,0.09176182746887207,subramanian
136,LogisticRegression,0.25284111499786377,50,f_classif_wrapper,0.0733041763305664,subramanian
137,LogisticRegression,0.2762707471847534,50,RFE_wrapper,0.029674887657165527,subramanian
138,LogisticRegression,0.2949734926223755,50,relieff_wrapper,0.028425216674804688,subramanian
139,LogisticRegression,0.3306235074996948,50,relaxed_lasso_wrapper,0.03391909599304199,subramanian
140,LogisticRegression,0.3675335645675659,100,f_classif_wrapper,0.05086386203765869,subramanian
141,LogisticRegression,0.2792702913284302,100,RFE_wrapper,0.08178102970123291,subramanian
142,LogisticRegression,0.2623060941696167,100,relieff_wrapper,0.04014718532562256,subramanian
143,LogisticRegression,0.32464754581451416,100,relaxed_lasso_wrapper,0.03341078758239746,subramanian
144,KNeighborsClassifier,0.3388557434082031,1,f_classif_wrapper,0.03466141223907471,subramanian
145,KNeighborsClassifier,0.38598358631134033,1,RFE_wrapper,0.0578455924987793,subramanian
146,KNeighborsClassifier,0.2892422676086426,1,relieff_wrapper,0.05335724353790283,subramanian
147,KNeighborsClassifier,0.26430046558380127,1,relaxed_lasso_wrapper,0.04313850402832031,subramanian
148,KNeighborsClassifier,0.2543269395828247,2,f_classif_wrapper,0.024933218955993652,subramanian
149,KNeighborsClassifier,0.2623056173324585,2,RFE_wrapper,0.029674887657165527,subramanian
150,KNeighborsClassifier,0.33511972427368164,2,relieff_wrapper,0.031914591789245605,subramanian
151,KNeighborsClassifier,0.2912372350692749,2,relaxed_lasso_wrapper,0.031914710998535156,subramanian
152,KNeighborsClassifier,0.2947201728820801,3,f_classif_wrapper,0.06857097148895264,subramanian
153,KNeighborsClassifier,0.27876460552215576,3,RFE_wrapper,0.04513382911682129,subramanian
154,KNeighborsClassifier,0.2710592746734619,3,relieff_wrapper,0.04089069366455078,subramanian
155,KNeighborsClassifier,0.2456047534942627,3,relaxed_lasso_wrapper,0.028922557830810547,subramanian
156,KNeighborsClassifier,0.2593224048614502,4,f_classif_wrapper,0.022936701774597168,subramanian
157,KNeighborsClassifier,0.26754677295684814,4,RFE_wrapper,0.023690342903137207,subramanian
158,KNeighborsClassifier,0.25283169746398926,4,relieff_wrapper,0.03216862678527832,subramanian
159,KNeighborsClassifier,0.317912220954895,4,relaxed_lasso_wrapper,0.04214167594909668,subramanian
160,KNeighborsClassifier,0.26505351066589355,5,f_classif_wrapper,0.07928764820098877,subramanian
161,KNeighborsClassifier,0.2650550603866577,5,RFE_wrapper,0.031415700912475586,subramanian
162,KNeighborsClassifier,0.2533310651779175,5,relieff_wrapper,0.03665745258331299,subramanian
163,KNeighborsClassifier,0.26978635787963867,5,relaxed_lasso_wrapper,0.025685667991638184,subramanian
164,KNeighborsClassifier,0.2934761047363281,10,f_classif_wrapper,0.03291213512420654,subramanian
165,KNeighborsClassifier,0.29323017597198486,10,RFE_wrapper,0.04438138008117676,subramanian
166,KNeighborsClassifier,0.28051090240478516,10,relieff_wrapper,0.0855250358581543,subramanian
167,KNeighborsClassifier,0.252585768699646,10,relaxed_lasso_wrapper,0.06059157848358154,subramanian
168,KNeighborsClassifier,0.3884758949279785,20,f_classif_wrapper,0.03241312503814697,subramanian
169,KNeighborsClassifier,0.4134089946746826,20,RFE_wrapper,0.028922557830810547,subramanian
170,KNeighborsClassifier,0.4074275493621826,20,relieff_wrapper,0.03117060661315918,subramanian
171,KNeighborsClassifier,0.49245309829711914,20,relaxed_lasso_wrapper,0.021442770957946777,subramanian
172,KNeighborsClassifier,0.41241562366485596,50,f_classif_wrapper,0.08677494525909424,subramanian
173,KNeighborsClassifier,0.405434250831604,50,RFE_wrapper,0.03366398811340332,subramanian
174,KNeighborsClassifier,0.26730072498321533,50,relieff_wrapper,0.031171679496765137,subramanian
175,KNeighborsClassifier,0.27876150608062744,50,relaxed_lasso_wrapper,0.03915047645568848,subramanian
176,KNeighborsClassifier,0.2792607545852661,100,f_classif_wrapper,0.04114377498626709,subramanian
177,KNeighborsClassifier,0.24909555912017822,100,RFE_wrapper,0.0289154052734375,subramanian
178,KNeighborsClassifier,0.2560771703720093,100,relieff_wrapper,0.02518594264984131,subramanian
179,KNeighborsClassifier,0.21094393730163574,100,relaxed_lasso_wrapper,0.034906625747680664,subramanian
0,GaussianNB,0.21743404865264893,1,f_classif_wrapper,0.025930285453796387,khan
1,GaussianNB,0.23214173316955566,1,RFE_wrapper,0.028423666954040527,khan
2,GaussianNB,0.2545813322067261,1,relieff_wrapper,0.02593088150024414,khan
3,GaussianNB,0.22390997409820557,1,relaxed_lasso_wrapper,0.03041839599609375,khan
4,GaussianNB,0.23513257503509521,2,f_classif_wrapper,0.02917647361755371,khan
5,GaussianNB,0.25632166862487793,2,RFE_wrapper,0.028922677040100098,khan
6,GaussianNB,0.2832496166229248,2,relieff_wrapper,0.023945212364196777,khan
7,GaussianNB,0.2977108955383301,2,relaxed_lasso_wrapper,0.026429176330566406,khan
8,GaussianNB,0.25682055950164795,3,f_classif_wrapper,0.024933218955993652,khan
9,GaussianNB,0.32963311672210693,3,RFE_wrapper,0.023935794830322266,khan
10,GaussianNB,0.26680195331573486,3,relieff_wrapper,0.0745542049407959,khan
11,GaussianNB,0.2859971523284912,3,relaxed_lasso_wrapper,0.02767956256866455,khan
12,GaussianNB,0.23638486862182617,4,f_classif_wrapper,0.023431777954101562,khan
13,GaussianNB,0.2426142692565918,4,RFE_wrapper,0.0234372615814209,khan
14,GaussianNB,0.24186205863952637,4,relieff_wrapper,0.0319138765335083,khan
15,GaussianNB,0.31567132472991943,4,relaxed_lasso_wrapper,0.031412601470947266,khan
16,GaussianNB,0.2969634532928467,5,f_classif_wrapper,0.024692177772521973,khan
17,GaussianNB,0.27602362632751465,5,RFE_wrapper,0.040392160415649414,khan
18,GaussianNB,0.229394793510437,5,relieff_wrapper,0.022194623947143555,khan
19,GaussianNB,0.2638019323348999,5,relaxed_lasso_wrapper,0.041641950607299805,khan
20,GaussianNB,0.27926087379455566,10,f_classif_wrapper,0.022938013076782227,khan
21,GaussianNB,0.2431110143661499,10,RFE_wrapper,0.032666563987731934,khan
22,GaussianNB,0.29247868061065674,10,relieff_wrapper,0.02293848991394043,khan
23,GaussianNB,0.27502524852752686,10,relaxed_lasso_wrapper,0.02593052387237549,khan
24,GaussianNB,0.3069409132003784,20,f_classif_wrapper,0.02593076229095459,khan
25,GaussianNB,0.28275322914123535,20,RFE_wrapper,0.028178095817565918,khan
26,GaussianNB,0.27602648735046387,20,relieff_wrapper,0.024434804916381836,khan
27,GaussianNB,0.29970812797546387,20,relaxed_lasso_wrapper,0.026683449745178223,khan
28,GaussianNB,0.3560652732849121,50,f_classif_wrapper,0.041643500328063965,khan
29,GaussianNB,0.3256409168243408,50,RFE_wrapper,0.045882463455200195,khan
30,GaussianNB,0.30369675159454346,50,relieff_wrapper,0.029175639152526855,khan
31,GaussianNB,0.3171672821044922,50,relaxed_lasso_wrapper,0.03041863441467285,khan
32,GaussianNB,0.2952260971069336,100,f_classif_wrapper,0.0359039306640625,khan
33,GaussianNB,0.293729305267334,100,RFE_wrapper,0.04637610912322998,khan
34,GaussianNB,0.31940698623657227,100,relieff_wrapper,0.023936152458190918,khan
35,GaussianNB,0.287239670753479,100,relaxed_lasso_wrapper,0.031170010566711426,khan
36,SVC,0.30819153785705566,1,f_classif_wrapper,0.0428851842880249,khan
37,SVC,0.3119276762008667,1,RFE_wrapper,0.1171947717666626,khan
38,SVC,0.307439923286438,1,relieff_wrapper,0.060337066650390625,khan
39,SVC,0.3333702087402344,1,relaxed_lasso_wrapper,0.032666563987731934,khan
40,SVC,0.3136768341064453,2,f_classif_wrapper,0.08976006507873535,khan
41,SVC,0.2889885902404785,2,RFE_wrapper,0.07904303073883057,khan
42,SVC,0.2932223081588745,2,relieff_wrapper,0.08827173709869385,khan
43,SVC,0.2543269395828247,2,relaxed_lasso_wrapper,0.05585038661956787,khan
44,SVC,0.3508230447769165,3,f_classif_wrapper,0.04912209510803223,khan
45,SVC,0.3191612958908081,3,RFE_wrapper,0.040392160415649414,khan
46,SVC,0.31068480014801025,3,relieff_wrapper,0.0870206356048584,khan
47,SVC,0.26854372024536133,3,relaxed_lasso_wrapper,0.052858710289001465,khan
48,SVC,0.2548351287841797,4,f_classif_wrapper,0.03540503978729248,khan
49,SVC,0.33162200450897217,4,RFE_wrapper,0.042893052101135254,khan
50,SVC,0.4485713243484497,4,relieff_wrapper,0.02792203426361084,khan
51,SVC,0.2969675064086914,4,relaxed_lasso_wrapper,0.28599750995635986,khan
52,SVC,0.32714056968688965,5,f_classif_wrapper,0.11269843578338623,khan
53,SVC,0.24385523796081543,5,RFE_wrapper,0.1366422176361084,khan
54,SVC,0.2625598907470703,5,relieff_wrapper,0.04837048053741455,khan
55,SVC,0.276273250579834,5,relaxed_lasso_wrapper,0.04139351844787598,khan
56,SVC,0.23737382888793945,10,f_classif_wrapper,0.03690075874328613,khan
57,SVC,0.28325843811035156,10,RFE_wrapper,0.03789865970611572,khan
58,SVC,0.29796433448791504,10,relieff_wrapper,0.039647817611694336,khan
59,SVC,0.29123616218566895,10,relaxed_lasso_wrapper,0.018450617790222168,khan
60,SVC,0.3099327087402344,20,f_classif_wrapper,0.05684828758239746,khan
61,SVC,0.2850010395050049,20,RFE_wrapper,0.05834388732910156,khan
62,SVC,0.26854681968688965,20,relieff_wrapper,0.0344080924987793,khan
63,SVC,0.25607597827911377,20,relaxed_lasso_wrapper,0.05136382579803467,khan
64,SVC,0.23662889003753662,50,f_classif_wrapper,0.029919743537902832,khan
65,SVC,0.32016026973724365,50,RFE_wrapper,0.03565859794616699,khan
66,SVC,0.2842479944229126,50,relieff_wrapper,0.049622178077697754,khan
67,SVC,0.2643013000488281,50,relaxed_lasso_wrapper,0.05859684944152832,khan
68,SVC,0.2558246850967407,100,f_classif_wrapper,0.02518641948699951,khan
69,SVC,0.2702862024307251,100,RFE_wrapper,0.031914353370666504,khan
70,SVC,0.25382113456726074,100,relieff_wrapper,0.029430270195007324,khan
71,SVC,0.2403569221496582,100,relaxed_lasso_wrapper,0.032911062240600586,khan
72,RandomForestClassifier,0.25333070755004883,1,f_classif_wrapper,0.29396796226501465,khan
73,RandomForestClassifier,0.29474377632141113,1,RFE_wrapper,0.24585187435150146,khan
74,RandomForestClassifier,0.29420506954193115,1,relieff_wrapper,0.2443549633026123,khan
75,RandomForestClassifier,0.3549560308456421,1,relaxed_lasso_wrapper,0.2705380916595459,khan
76,RandomForestClassifier,0.36691510677337646,2,f_classif_wrapper,0.27853333950042725,khan
77,RandomForestClassifier,0.33626747131347656,2,RFE_wrapper,0.2413623332977295,khan
78,RandomForestClassifier,0.2817554473876953,2,relieff_wrapper,0.2892892360687256,khan
79,RandomForestClassifier,0.26480913162231445,2,relaxed_lasso_wrapper,0.24534380435943604,khan
80,RandomForestClassifier,0.32788515090942383,3,f_classif_wrapper,0.25732123851776123,khan
81,RandomForestClassifier,0.37252092361450195,3,RFE_wrapper,0.2820088863372803,khan
82,RandomForestClassifier,0.3573094606399536,3,relieff_wrapper,0.328891396522522,khan
83,RandomForestClassifier,0.3341219425201416,3,relaxed_lasso_wrapper,0.3121718168258667,khan
84,RandomForestClassifier,0.38300085067749023,4,f_classif_wrapper,0.32315385341644287,khan
85,RandomForestClassifier,0.35257458686828613,4,RFE_wrapper,0.29896461963653564,khan
86,RandomForestClassifier,0.28125572204589844,4,relieff_wrapper,0.32564830780029297,khan
87,RandomForestClassifier,0.284501314163208,4,relaxed_lasso_wrapper,0.2685455083847046,khan
88,RandomForestClassifier,0.2797595262527466,5,f_classif_wrapper,0.25956809520721436,khan
89,RandomForestClassifier,0.2810105085372925,5,RFE_wrapper,0.2473464012145996,khan
90,RandomForestClassifier,0.30470120906829834,5,relieff_wrapper,0.27003979682922363,khan
91,RandomForestClassifier,0.3027071952819824,5,relaxed_lasso_wrapper,0.3291349411010742,khan
92,RandomForestClassifier,0.2937225103378296,10,f_classif_wrapper,0.31417548656463623,khan
93,RandomForestClassifier,0.27203452587127686,10,RFE_wrapper,0.28799188137054443,khan
94,RandomForestClassifier,0.31192731857299805,10,relieff_wrapper,0.2495948076248169,khan
95,RandomForestClassifier,0.2837564945220947,10,relaxed_lasso_wrapper,0.23986613750457764,khan
96,RandomForestClassifier,0.3326296806335449,20,f_classif_wrapper,0.2869945764541626,khan
97,RandomForestClassifier,0.26879048347473145,20,RFE_wrapper,0.3465914726257324,khan
98,RandomForestClassifier,0.2917367219924927,20,relieff_wrapper,0.24236273765563965,khan
99,RandomForestClassifier,0.3710223436355591,20,relaxed_lasso_wrapper,0.24287021160125732,khan
100,RandomForestClassifier,0.33412110805511475,50,f_classif_wrapper,0.23737478256225586,khan
101,RandomForestClassifier,0.3268880844116211,50,RFE_wrapper,0.24087250232696533,khan
102,RandomForestClassifier,0.2964688539505005,50,relieff_wrapper,0.2757704257965088,khan
103,RandomForestClassifier,0.26355671882629395,50,relaxed_lasso_wrapper,0.25532519817352295,khan
104,RandomForestClassifier,0.3216550350189209,100,f_classif_wrapper,0.2760237455368042,khan
105,RandomForestClassifier,0.3440953493118286,100,RFE_wrapper,0.2568204402923584,khan
106,RandomForestClassifier,0.296714186668396,100,relieff_wrapper,0.3076927661895752,khan
107,RandomForestClassifier,0.30668795108795166,100,relaxed_lasso_wrapper,0.3032042980194092,khan
108,LogisticRegression,0.25208091735839844,1,f_classif_wrapper,0.04638361930847168,khan
109,LogisticRegression,0.26530730724334717,1,RFE_wrapper,0.026429057121276855,khan
110,LogisticRegression,0.23987483978271484,1,relieff_wrapper,0.025431275367736816,khan
111,LogisticRegression,0.2894878387451172,1,relaxed_lasso_wrapper,0.029919981956481934,khan
112,LogisticRegression,0.2785170078277588,2,f_classif_wrapper,0.034407615661621094,khan
113,LogisticRegression,0.291980504989624,2,RFE_wrapper,0.07904279232025146,khan
114,LogisticRegression,0.24510598182678223,2,relieff_wrapper,0.07156240940093994,khan
115,LogisticRegression,0.2533299922943115,2,relaxed_lasso_wrapper,0.03515982627868652,khan
116,LogisticRegression,0.2652980089187622,3,f_classif_wrapper,0.034661293029785156,khan
117,LogisticRegression,0.25681960582733154,3,RFE_wrapper,0.045379638671875,khan
118,LogisticRegression,0.26754844188690186,3,relieff_wrapper,0.04438126087188721,khan
119,LogisticRegression,0.3186682462692261,3,relaxed_lasso_wrapper,0.03241324424743652,khan
120,LogisticRegression,0.27453482151031494,4,f_classif_wrapper,0.034906625747680664,khan
121,LogisticRegression,0.22939395904541016,4,RFE_wrapper,0.04438138008117676,khan
122,LogisticRegression,0.2745269536972046,4,relieff_wrapper,0.05361068248748779,khan
123,LogisticRegression,0.25233256816864014,4,relaxed_lasso_wrapper,0.06183481216430664,khan
124,LogisticRegression,0.29996025562286377,5,f_classif_wrapper,0.037653326988220215,khan
125,LogisticRegression,0.30693674087524414,5,RFE_wrapper,0.03341543674468994,khan
126,LogisticRegression,0.25083696842193604,5,relieff_wrapper,0.07752525806427002,khan
127,LogisticRegression,0.27726590633392334,5,relaxed_lasso_wrapper,0.06308543682098389,khan
128,LogisticRegression,0.2603107690811157,10,f_classif_wrapper,0.04039204120635986,khan
129,LogisticRegression,0.24361002445220947,10,RFE_wrapper,0.03091728687286377,khan
130,LogisticRegression,0.241615891456604,10,relieff_wrapper,0.03266620635986328,khan
131,LogisticRegression,0.27851712703704834,10,relaxed_lasso_wrapper,0.04388236999511719,khan
132,LogisticRegression,0.28424859046936035,20,f_classif_wrapper,0.03665590286254883,khan
133,LogisticRegression,0.30669450759887695,20,RFE_wrapper,0.05734610557556152,khan
134,LogisticRegression,0.2548329830169678,20,relieff_wrapper,0.04936373233795166,khan
135,LogisticRegression,0.22989988327026367,20,relaxed_lasso_wrapper,0.02792513370513916,khan
136,LogisticRegression,0.24983930587768555,50,f_classif_wrapper,0.04587709903717041,khan
137,LogisticRegression,0.311681866645813,50,RFE_wrapper,0.06183433532714844,khan
138,LogisticRegression,0.2643011808395386,50,relieff_wrapper,0.04962122440338135,khan
139,LogisticRegression,0.2777736186981201,50,relaxed_lasso_wrapper,0.05634927749633789,khan
140,LogisticRegression,0.2682986259460449,100,f_classif_wrapper,0.039893150329589844,khan
141,LogisticRegression,0.25258612632751465,100,RFE_wrapper,0.046131014823913574,khan
142,LogisticRegression,0.253329873085022,100,relieff_wrapper,0.07206094264984131,khan
143,LogisticRegression,0.26555049419403076,100,relaxed_lasso_wrapper,0.051615357398986816,khan
144,KNeighborsClassifier,0.24261212348937988,1,f_classif_wrapper,0.024933457374572754,khan
145,KNeighborsClassifier,0.30719316005706787,1,RFE_wrapper,0.027925491333007812,khan
146,KNeighborsClassifier,0.2889876365661621,1,relieff_wrapper,0.029920339584350586,khan
147,KNeighborsClassifier,0.29297757148742676,1,relaxed_lasso_wrapper,0.04587709903717041,khan
148,KNeighborsClassifier,0.26804447174072266,2,f_classif_wrapper,0.03141582012176514,khan
149,KNeighborsClassifier,0.2717803716659546,2,RFE_wrapper,0.0446321964263916,khan
150,KNeighborsClassifier,0.25083720684051514,2,relieff_wrapper,0.02069830894470215,khan
151,KNeighborsClassifier,0.2904852628707886,2,relaxed_lasso_wrapper,0.03914928436279297,khan
152,KNeighborsClassifier,0.3279534578323364,3,f_classif_wrapper,0.02792537212371826,khan
153,KNeighborsClassifier,0.31166744232177734,3,RFE_wrapper,0.02792513370513916,khan
154,KNeighborsClassifier,0.26335108280181885,3,relieff_wrapper,0.10528528690338135,khan
155,KNeighborsClassifier,0.2651113271713257,3,relaxed_lasso_wrapper,0.05946314334869385,khan
156,KNeighborsClassifier,0.25511956214904785,4,f_classif_wrapper,0.04595518112182617,khan
157,KNeighborsClassifier,0.2809607982635498,4,RFE_wrapper,0.03501403331756592,khan
158,KNeighborsClassifier,0.26534414291381836,4,relieff_wrapper,0.02598404884338379,khan
159,KNeighborsClassifier,0.32602131366729736,4,relaxed_lasso_wrapper,0.02948629856109619,khan
160,KNeighborsClassifier,0.3242354393005371,5,f_classif_wrapper,0.03540539741516113,khan
161,KNeighborsClassifier,0.31888747215270996,5,RFE_wrapper,0.03839731216430664,khan
162,KNeighborsClassifier,0.30444836616516113,5,relieff_wrapper,0.039394378662109375,khan
163,KNeighborsClassifier,0.28875792026519775,5,relaxed_lasso_wrapper,0.03095877170562744,khan
164,KNeighborsClassifier,0.3278536796569824,10,f_classif_wrapper,0.0424954891204834,khan
165,KNeighborsClassifier,0.31485116481781006,10,RFE_wrapper,0.03299379348754883,khan
166,KNeighborsClassifier,0.3093627691268921,10,relieff_wrapper,0.03897583484649658,khan
167,KNeighborsClassifier,0.30386483669281006,10,relaxed_lasso_wrapper,0.0699547529220581,khan
168,KNeighborsClassifier,0.38330912590026855,20,f_classif_wrapper,0.06292521953582764,khan
169,KNeighborsClassifier,0.4267846345901489,20,RFE_wrapper,0.02951037883758545,khan
170,KNeighborsClassifier,0.3993253707885742,20,relieff_wrapper,0.029482007026672363,khan
171,KNeighborsClassifier,0.4251047372817993,20,relaxed_lasso_wrapper,0.04271435737609863,khan
172,KNeighborsClassifier,0.405381441116333,50,f_classif_wrapper,0.05099344253540039,khan
173,KNeighborsClassifier,0.49538159370422363,50,RFE_wrapper,0.030981779098510742,khan
174,KNeighborsClassifier,0.3134254217147827,50,relieff_wrapper,0.026988506317138672,khan
175,KNeighborsClassifier,0.33092808723449707,50,relaxed_lasso_wrapper,0.017989754676818848,khan
176,KNeighborsClassifier,0.2815816402435303,100,f_classif_wrapper,0.04424607753753662,khan
177,KNeighborsClassifier,0.3103574514389038,100,RFE_wrapper,0.03498077392578125,khan
178,KNeighborsClassifier,0.2871586084365845,100,relieff_wrapper,0.060210585594177246,khan
179,KNeighborsClassifier,0.3159801959991455,100,relaxed_lasso_wrapper,0.031992197036743164,khan
0,GaussianNB,0.256008505821228,1,f_classif_wrapper,0.030455470085144043,leukemia
1,GaussianNB,0.2522542476654053,1,RFE_wrapper,0.030954599380493164,leukemia
2,GaussianNB,0.22274410724639893,1,relieff_wrapper,0.029713034629821777,leukemia
3,GaussianNB,0.0,1,relaxed_lasso_wrapper,0.03544127941131592,leukemia
4,GaussianNB,0.2955660820007324,2,f_classif_wrapper,0.026209235191345215,leukemia
5,GaussianNB,0.30264461040496826,2,RFE_wrapper,0.039716362953186035,leukemia
6,GaussianNB,0.2838176488876343,2,relieff_wrapper,0.024497151374816895,leukemia
7,GaussianNB,0.0,2,relaxed_lasso_wrapper,0.02647876739501953,leukemia
8,GaussianNB,0.23443031311035156,3,f_classif_wrapper,0.01999044418334961,leukemia
9,GaussianNB,0.24694836139678955,3,RFE_wrapper,0.022994279861450195,leukemia
10,GaussianNB,0.2389451265335083,3,relieff_wrapper,0.02599191665649414,leukemia
11,GaussianNB,0.0,3,relaxed_lasso_wrapper,0.026519060134887695,leukemia
12,GaussianNB,0.2224031686782837,4,f_classif_wrapper,0.041230082511901855,leukemia
13,GaussianNB,0.2838733196258545,4,RFE_wrapper,0.022501230239868164,leukemia
14,GaussianNB,0.2633671760559082,4,relieff_wrapper,0.022980928421020508,leukemia
15,GaussianNB,0.0,4,relaxed_lasso_wrapper,0.03447520732879639,leukemia
16,GaussianNB,0.2698845863342285,5,f_classif_wrapper,0.022980332374572754,leukemia
17,GaussianNB,0.2649219036102295,5,RFE_wrapper,0.018489837646484375,leukemia
18,GaussianNB,0.2364414930343628,5,relieff_wrapper,0.027987241744995117,leukemia
19,GaussianNB,0.0,5,relaxed_lasso_wrapper,0.030229687690734863,leukemia
20,GaussianNB,0.218908429145813,10,f_classif_wrapper,0.023785114288330078,leukemia
21,GaussianNB,0.2489159107208252,10,RFE_wrapper,0.02248203754425049,leukemia
22,GaussianNB,0.26330137252807617,10,relieff_wrapper,0.02197861671447754,leukemia
23,GaussianNB,0.0,10,relaxed_lasso_wrapper,0.023976802825927734,leukemia
24,GaussianNB,0.3188180923461914,20,f_classif_wrapper,0.020513415336608887,leukemia
25,GaussianNB,0.25191760063171387,20,RFE_wrapper,0.025470495223999023,leukemia
26,GaussianNB,0.2498316764831543,20,relieff_wrapper,0.0538560152053833,leukemia
27,GaussianNB,0.0,20,relaxed_lasso_wrapper,0.0344080924987793,leukemia
28,GaussianNB,0.2553166151046753,50,f_classif_wrapper,0.019946694374084473,leukemia
29,GaussianNB,0.25282371044158936,50,RFE_wrapper,0.0304185152053833,leukemia
30,GaussianNB,0.25357556343078613,50,relieff_wrapper,0.03291201591491699,leukemia
31,GaussianNB,0.0,50,relaxed_lasso_wrapper,0.026429295539855957,leukemia
32,GaussianNB,0.25782573223114014,100,f_classif_wrapper,0.022440075874328613,leukemia
33,GaussianNB,0.24360966682434082,100,RFE_wrapper,0.0261838436126709,leukemia
34,GaussianNB,0.3141669034957886,100,relieff_wrapper,0.0234372615814209,leukemia
35,GaussianNB,0.0,100,relaxed_lasso_wrapper,0.030916929244995117,leukemia
36,SVC,0.2550712823867798,1,f_classif_wrapper,0.10048484802246094,leukemia
37,SVC,0.2558079957962036,1,RFE_wrapper,0.03441572189331055,leukemia
38,SVC,0.25581586360931396,1,relieff_wrapper,0.022440075874328613,leukemia
39,SVC,0.0,1,relaxed_lasso_wrapper,0.024933338165283203,leukemia
40,SVC,0.26330435276031494,2,f_classif_wrapper,0.02842402458190918,leukemia
41,SVC,0.2583177089691162,2,RFE_wrapper,0.024434328079223633,leukemia
42,SVC,0.336117148399353,2,relieff_wrapper,0.027426481246948242,leukemia
43,SVC,0.0,2,relaxed_lasso_wrapper,0.02119755744934082,leukemia
44,SVC,0.2682899236679077,3,f_classif_wrapper,0.04438138008117676,leukemia
45,SVC,0.27527952194213867,3,RFE_wrapper,0.08477354049682617,leukemia
46,SVC,0.2575732469558716,3,relieff_wrapper,0.05036509037017822,leukemia
47,SVC,0.0,3,relaxed_lasso_wrapper,0.02319192886352539,leukemia
48,SVC,0.23936676979064941,4,f_classif_wrapper,0.024933695793151855,leukemia
49,SVC,0.2413618564605713,4,RFE_wrapper,0.02543187141418457,leukemia
50,SVC,0.27926766872406006,4,relieff_wrapper,0.03291177749633789,leukemia
51,SVC,0.0,4,relaxed_lasso_wrapper,0.023689985275268555,leukemia
52,SVC,0.29596948623657227,5,f_classif_wrapper,0.02343738079071045,leukemia
53,SVC,0.2817617654800415,5,RFE_wrapper,0.05734658241271973,leukemia
54,SVC,0.2685436010360718,5,relieff_wrapper,0.0413815975189209,leukemia
55,SVC,0.0,5,relaxed_lasso_wrapper,0.024933338165283203,leukemia
56,SVC,0.25582265853881836,10,f_classif_wrapper,0.02543199062347412,leukemia
57,SVC,0.22591233253479004,10,RFE_wrapper,0.02293837070465088,leukemia
58,SVC,0.27178752422332764,10,relieff_wrapper,0.024434685707092285,leukemia
59,SVC,0.0,10,relaxed_lasso_wrapper,0.03091728687286377,leukemia
60,SVC,0.28076422214508057,20,f_classif_wrapper,0.019447803497314453,leukemia
61,SVC,0.30021238327026367,20,RFE_wrapper,0.02792489528656006,leukemia
62,SVC,0.2767672538757324,20,relieff_wrapper,0.037400007247924805,leukemia
63,SVC,0.0,20,relaxed_lasso_wrapper,0.024434566497802734,leukemia
64,SVC,0.23438024520874023,50,f_classif_wrapper,0.03839731216430664,leukemia
65,SVC,0.25607621669769287,50,RFE_wrapper,0.02642810344696045,leukemia
66,SVC,0.2473529577255249,50,relieff_wrapper,0.024933218955993652,leukemia
67,SVC,0.0,50,relaxed_lasso_wrapper,0.025432109832763672,leukemia
68,SVC,0.23962020874023438,100,f_classif_wrapper,0.037399888038635254,leukemia
69,SVC,0.2668018341064453,100,RFE_wrapper,0.021941065788269043,leukemia
70,SVC,0.28973257541656494,100,relieff_wrapper,0.02144002914428711,leukemia
71,SVC,0.0,100,relaxed_lasso_wrapper,0.024933695793151855,leukemia
72,RandomForestClassifier,0.25731945037841797,1,f_classif_wrapper,0.26555168628692627,leukemia
73,RandomForestClassifier,0.3111833333969116,1,RFE_wrapper,0.2864959239959717,leukemia
74,RandomForestClassifier,0.2864953279495239,1,relieff_wrapper,0.263058066368103,leukemia
75,RandomForestClassifier,0.0,1,relaxed_lasso_wrapper,0.02044510841369629,leukemia
76,RandomForestClassifier,0.3126711845397949,2,f_classif_wrapper,0.2598210573196411,leukemia
77,RandomForestClassifier,0.3423478603363037,2,RFE_wrapper,0.2785167694091797,leukemia
78,RandomForestClassifier,0.31516480445861816,2,relieff_wrapper,0.29323136806488037,leukemia
79,RandomForestClassifier,0.0,2,relaxed_lasso_wrapper,0.0316694974899292,leukemia
80,RandomForestClassifier,0.28599703311920166,3,f_classif_wrapper,0.23787188529968262,leukemia
81,RandomForestClassifier,0.3009563684463501,3,RFE_wrapper,0.24087274074554443,leukemia
82,RandomForestClassifier,0.34509313106536865,3,relieff_wrapper,0.2443552017211914,leukemia
83,RandomForestClassifier,0.0,3,relaxed_lasso_wrapper,0.026433110237121582,leukemia
84,RandomForestClassifier,0.3508239984512329,4,f_classif_wrapper,0.2411109209060669,leukemia
85,RandomForestClassifier,0.2740288972854614,4,RFE_wrapper,0.30444765090942383,leukemia
86,RandomForestClassifier,0.2864950895309448,4,relieff_wrapper,0.30444812774658203,leukemia
87,RandomForestClassifier,0.0,4,relaxed_lasso_wrapper,0.035904884338378906,leukemia
88,RandomForestClassifier,0.2742741107940674,5,f_classif_wrapper,0.29023897647857666,leukemia
89,RandomForestClassifier,0.305200457572937,5,RFE_wrapper,0.3189089298248291,leukemia
90,RandomForestClassifier,0.3565635681152344,5,relieff_wrapper,0.24983930587768555,leukemia
91,RandomForestClassifier,0.0,5,relaxed_lasso_wrapper,0.037400007247924805,leukemia
92,RandomForestClassifier,0.3455926179885864,10,f_classif_wrapper,0.28898894786834717,leukemia
93,RandomForestClassifier,0.337860107421875,10,RFE_wrapper,0.25284016132354736,leukemia
94,RandomForestClassifier,0.28649580478668213,10,relieff_wrapper,0.27901625633239746,leukemia
95,RandomForestClassifier,0.0,10,relaxed_lasso_wrapper,0.03390920162200928,leukemia
96,RandomForestClassifier,0.32040560245513916,20,f_classif_wrapper,0.2535834312438965,leukemia
97,RandomForestClassifier,0.35556459426879883,20,RFE_wrapper,0.28624284267425537,leukemia
98,RandomForestClassifier,0.3012017011642456,20,relieff_wrapper,0.29622459411621094,leukemia
99,RandomForestClassifier,0.0,20,relaxed_lasso_wrapper,0.026429295539855957,leukemia
100,RandomForestClassifier,0.2942209243774414,50,f_classif_wrapper,0.3046996593475342,leukemia
101,RandomForestClassifier,0.2827599048614502,50,RFE_wrapper,0.24535143375396729,leukemia
102,RandomForestClassifier,0.2927335500717163,50,relieff_wrapper,0.2618074417114258,leukemia
103,RandomForestClassifier,0.0,50,relaxed_lasso_wrapper,0.02044510841369629,leukemia
104,RandomForestClassifier,0.28599774837493896,100,f_classif_wrapper,0.2939763069152832,leukemia
105,RandomForestClassifier,0.26381099224090576,100,RFE_wrapper,0.3271324634552002,leukemia
106,RandomForestClassifier,0.24161505699157715,100,relieff_wrapper,0.2949737310409546,leukemia
107,RandomForestClassifier,0.0,100,relaxed_lasso_wrapper,0.028922677040100098,leukemia
108,LogisticRegression,0.2231661081314087,1,f_classif_wrapper,0.04936778545379639,leukemia
109,LogisticRegression,0.21592915058135986,1,RFE_wrapper,0.02718210220336914,leukemia
110,LogisticRegression,0.21742510795593262,1,relieff_wrapper,0.0289229154586792,leukemia
111,LogisticRegression,0.0,1,relaxed_lasso_wrapper,0.03366363048553467,leukemia
112,LogisticRegression,0.38648366928100586,2,f_classif_wrapper,0.03091728687286377,leukemia
113,LogisticRegression,0.2438575029373169,2,RFE_wrapper,0.023935437202453613,leukemia
114,LogisticRegression,0.23986780643463135,2,relieff_wrapper,0.029421687126159668,leukemia
115,LogisticRegression,0.0,2,relaxed_lasso_wrapper,0.03042006492614746,leukemia
116,LogisticRegression,0.36278843879699707,3,f_classif_wrapper,0.03167378902435303,leukemia
117,LogisticRegression,0.28873538970947266,3,RFE_wrapper,0.06932413578033447,leukemia
118,LogisticRegression,0.26978600025177,3,relieff_wrapper,0.057845354080200195,leukemia
119,LogisticRegression,0.0,3,relaxed_lasso_wrapper,0.031914591789245605,leukemia
120,LogisticRegression,0.24710094928741455,4,f_classif_wrapper,0.05236005783081055,leukemia
121,LogisticRegression,0.2533390522003174,4,RFE_wrapper,0.04388236999511719,leukemia
122,LogisticRegression,0.23962116241455078,4,relieff_wrapper,0.0289231538772583,leukemia
123,LogisticRegression,0.0,4,relaxed_lasso_wrapper,0.027426838874816895,leukemia
124,LogisticRegression,0.2715369462966919,5,f_classif_wrapper,0.04537832736968994,leukemia
125,LogisticRegression,0.31716787815093994,5,RFE_wrapper,0.024933576583862305,leukemia
126,LogisticRegression,0.32514703273773193,5,relieff_wrapper,0.04837071895599365,leukemia
127,LogisticRegression,0.0,5,relaxed_lasso_wrapper,0.037154197692871094,leukemia
128,LogisticRegression,0.29273271560668945,10,f_classif_wrapper,0.07280540466308594,leukemia
129,LogisticRegression,0.2802664041519165,10,RFE_wrapper,0.0648268461227417,leukemia
130,LogisticRegression,0.27552521228790283,10,relieff_wrapper,0.046874284744262695,leukemia
131,LogisticRegression,0.0,10,relaxed_lasso_wrapper,0.02642965316772461,leukemia
132,LogisticRegression,0.2643086910247803,20,f_classif_wrapper,0.024434208869934082,leukemia
133,LogisticRegression,0.2800130844116211,20,RFE_wrapper,0.028178691864013672,leukemia
134,LogisticRegression,0.26505327224731445,20,relieff_wrapper,0.04064536094665527,leukemia
135,LogisticRegression,0.0,20,relaxed_lasso_wrapper,0.0359041690826416,leukemia
136,LogisticRegression,0.2929791212081909,50,f_classif_wrapper,0.03615748882293701,leukemia
137,LogisticRegression,0.2795146703720093,50,RFE_wrapper,0.03067195415496826,leukemia
138,LogisticRegression,0.3079390525817871,50,relieff_wrapper,0.05610394477844238,leukemia
139,LogisticRegression,0.0,50,relaxed_lasso_wrapper,0.02842426300048828,leukemia
140,LogisticRegression,0.3286389112472534,100,f_classif_wrapper,0.10397589206695557,leukemia
141,LogisticRegression,0.2982107400894165,100,RFE_wrapper,0.053864240646362305,leukemia
142,LogisticRegression,0.27702367305755615,100,relieff_wrapper,0.07904255390167236,leukemia
143,LogisticRegression,0.0,100,relaxed_lasso_wrapper,0.02867865562438965,leukemia
144,KNeighborsClassifier,0.2533308267593384,1,f_classif_wrapper,0.05211591720581055,leukemia
145,KNeighborsClassifier,0.28450119495391846,1,RFE_wrapper,0.028424382209777832,leukemia
146,KNeighborsClassifier,0.34360170364379883,1,relieff_wrapper,0.039394259452819824,leukemia
147,KNeighborsClassifier,0.0,1,relaxed_lasso_wrapper,0.02867746353149414,leukemia
148,KNeighborsClassifier,0.31616175174713135,2,f_classif_wrapper,0.027426719665527344,leukemia
149,KNeighborsClassifier,0.28823399543762207,2,RFE_wrapper,0.04762876033782959,leukemia
150,KNeighborsClassifier,0.31966066360473633,2,relieff_wrapper,0.02243971824645996,leukemia
151,KNeighborsClassifier,0.0,2,relaxed_lasso_wrapper,0.026183724403381348,leukemia
152,KNeighborsClassifier,0.2638019323348999,3,f_classif_wrapper,0.02293860912322998,leukemia
153,KNeighborsClassifier,0.2583167552947998,3,RFE_wrapper,0.02792513370513916,leukemia
154,KNeighborsClassifier,0.24759972095489502,3,relieff_wrapper,0.029175877571105957,leukemia
155,KNeighborsClassifier,0.0,3,relaxed_lasso_wrapper,0.028423666954040527,leukemia
156,KNeighborsClassifier,0.28200793266296387,4,f_classif_wrapper,0.022440433502197266,leukemia
157,KNeighborsClassifier,0.34459400177001953,4,RFE_wrapper,0.030672192573547363,leukemia
158,KNeighborsClassifier,0.30494558811187744,4,relieff_wrapper,0.04438149929046631,leukemia
159,KNeighborsClassifier,0.0,4,relaxed_lasso_wrapper,0.026928424835205078,leukemia
160,KNeighborsClassifier,0.2525850534439087,5,f_classif_wrapper,0.04936814308166504,leukemia
161,KNeighborsClassifier,0.23962032794952393,5,RFE_wrapper,0.05884206295013428,leukemia
162,KNeighborsClassifier,0.25458014011383057,5,relieff_wrapper,0.042639732360839844,leukemia
163,KNeighborsClassifier,0.0,5,relaxed_lasso_wrapper,0.023935794830322266,leukemia
164,KNeighborsClassifier,0.257326602935791,10,f_classif_wrapper,0.018949508666992188,leukemia
165,KNeighborsClassifier,0.25731945037841797,10,RFE_wrapper,0.03914904594421387,leukemia
166,KNeighborsClassifier,0.2650524377822876,10,relieff_wrapper,0.024933338165283203,leukemia
167,KNeighborsClassifier,0.0,10,relaxed_lasso_wrapper,0.024933218955993652,leukemia
168,KNeighborsClassifier,0.4715099334716797,20,f_classif_wrapper,0.021941304206848145,leukemia
169,KNeighborsClassifier,0.4834781885147095,20,RFE_wrapper,0.018949031829833984,leukemia
170,KNeighborsClassifier,0.46452975273132324,20,relieff_wrapper,0.039148926734924316,leukemia
171,KNeighborsClassifier,0.0,20,relaxed_lasso_wrapper,0.03191483020782471,leukemia
172,KNeighborsClassifier,0.3445870876312256,50,f_classif_wrapper,0.02594006061553955,leukemia
173,KNeighborsClassifier,0.38099849224090576,50,RFE_wrapper,0.0234375,leukemia
174,KNeighborsClassifier,0.4149068593978882,50,relieff_wrapper,0.03665649890899658,leukemia
175,KNeighborsClassifier,0.0,50,relaxed_lasso_wrapper,0.024189233779907227,leukemia
176,KNeighborsClassifier,0.30793726444244385,100,f_classif_wrapper,0.023935556411743164,leukemia
177,KNeighborsClassifier,0.28998494148254395,100,RFE_wrapper,0.02842426300048828,leukemia
178,KNeighborsClassifier,0.22440707683563232,100,relieff_wrapper,0.07281291484832764,leukemia
179,KNeighborsClassifier,0.0,100,relaxed_lasso_wrapper,0.024933457374572754,leukemia
